{"date": "2024-10-04T09:07:44.365980", "ywVersion": "0.1.13.dev", "files": [{"path": "package.json", "contentEncoding": "identity", "contentType": "application/json", "hash": "2f8d34aef4523002a33626405698af81"}, {"path": "dist/webpack.config.d.ts", "contentEncoding": "identity", "contentType": "application/octet-stream", "hash": "7d1d390bf2a3052b887909ca262405df"}, {"path": "dist/bundle-analysis.html", "contentEncoding": "identity", "contentType": "text/html", "hash": "5d04d6aaa919c6d43c5a8e7f6e82b309"}, {"path": "dist/jest.config.d.ts", "contentEncoding": "identity", "contentType": "application/octet-stream", "hash": "2f0aa004b15580a7bcb1fafdae112d27"}, {"path": "dist/rx-vdom-config.d.ts", "contentEncoding": "identity", "contentType": "application/octet-stream", "hash": "9802d08a55ab751dd118382e440b1ae4"}, {"path": "src/index.ts", "contentEncoding": "identity", "contentType": "application/octet-stream", "hash": "2c376c50680d168362d70409da235f2a"}, {"path": "src/auto-generated.ts", "contentEncoding": "identity", "contentType": "application/octet-stream", "hash": "506817d3276918e7b9e2a16815e191e5"}, {"path": "dist/@youwol/vsf-core.js", "contentEncoding": "br", "contentType": "application/javascript;charset=UTF-8", "hash": "4224448fdc48a08fbfd24354f5e141a8"}, {"path": "dist/@youwol/vsf-core.js.map", "contentEncoding": "br", "contentType": "application/javascript;charset=UTF-8", "hash": "a86c8725dbe2944d8a98b6989d35cbc8"}, {"path": "dist/src/index.d.ts", "contentEncoding": "identity", "contentType": "application/octet-stream", "hash": "233fa10ad970f8492de4a7ee58b9669e"}, {"path": "dist/src/auto-generated.d.ts", "contentEncoding": "identity", "contentType": "application/octet-stream", "hash": "25ce7395685a9b5729deeaa21ffb2f7d"}, {"path": "dist/src/lib/index.d.ts", "contentEncoding": "identity", "contentType": "application/octet-stream", "hash": "a237bce837e309c7f4a6db2b828a0d76"}, {"path": "dist/src/tests/test.utils.d.ts", "contentEncoding": "identity", "contentType": "application/octet-stream", "hash": "ff13f26b48625f648167fd52ea525b9f"}, {"path": "dist/src/tests/mock-requests.d.ts", "contentEncoding": "identity", "contentType": "application/octet-stream", "hash": "f6eb17fc136db20ec9d470f25d43b51b"}, {"path": "dist/src/tests/configuration.test.d.ts", "contentEncoding": "identity", "contentType": "application/octet-stream", "hash": "e2ebd7ddedcadeeadbf819c35985c768"}, {"path": "dist/src/tests/workers.test.d.ts", "contentEncoding": "identity", "contentType": "application/octet-stream", "hash": "e2ebd7ddedcadeeadbf819c35985c768"}, {"path": "dist/src/tests/types.test.d.ts", "contentEncoding": "identity", "contentType": "application/octet-stream", "hash": "e2ebd7ddedcadeeadbf819c35985c768"}, {"path": "dist/src/tests/errors.test.d.ts", "contentEncoding": "identity", "contentType": "application/octet-stream", "hash": "e2ebd7ddedcadeeadbf819c35985c768"}, {"path": "dist/src/tests/macros-pool-state.test.d.ts", "contentEncoding": "identity", "contentType": "application/octet-stream", "hash": "e2ebd7ddedcadeeadbf819c35985c768"}, {"path": "dist/src/tests/project-parse.test.d.ts", "contentEncoding": "identity", "contentType": "application/octet-stream", "hash": "e2ebd7ddedcadeeadbf819c35985c768"}, {"path": "dist/src/tests/execution.test.d.ts", "contentEncoding": "identity", "contentType": "application/octet-stream", "hash": "e2ebd7ddedcadeeadbf819c35985c768"}, {"path": "dist/src/tests/project-cell.test.d.ts", "contentEncoding": "identity", "contentType": "application/octet-stream", "hash": "e2ebd7ddedcadeeadbf819c35985c768"}, {"path": "dist/src/tests/project-layers.test.d.ts", "contentEncoding": "identity", "contentType": "application/octet-stream", "hash": "e2ebd7ddedcadeeadbf819c35985c768"}, {"path": "dist/src/tests/environment.test.d.ts", "contentEncoding": "identity", "contentType": "application/octet-stream", "hash": "e2ebd7ddedcadeeadbf819c35985c768"}, {"path": "dist/src/tests/macro.test.d.ts", "contentEncoding": "identity", "contentType": "application/octet-stream", "hash": "e2ebd7ddedcadeeadbf819c35985c768"}, {"path": "dist/src/tests/toolbox.d.ts", "contentEncoding": "identity", "contentType": "application/octet-stream", "hash": "9cb22af365ab96aa29321235f48fd833"}, {"path": "dist/src/tests/layer.test.d.ts", "contentEncoding": "identity", "contentType": "application/octet-stream", "hash": "e2ebd7ddedcadeeadbf819c35985c768"}, {"path": "dist/src/tests/views.test.d.ts", "contentEncoding": "identity", "contentType": "application/octet-stream", "hash": "e2ebd7ddedcadeeadbf819c35985c768"}, {"path": "dist/src/tests/connection.test.d.ts", "contentEncoding": "identity", "contentType": "application/octet-stream", "hash": "e2ebd7ddedcadeeadbf819c35985c768"}, {"path": "dist/src/tests/attributes.test.d.ts", "contentEncoding": "identity", "contentType": "application/octet-stream", "hash": "e2ebd7ddedcadeeadbf819c35985c768"}, {"path": "dist/src/tests/workers.module.test.d.ts", "contentEncoding": "identity", "contentType": "application/octet-stream", "hash": "e2ebd7ddedcadeeadbf819c35985c768"}, {"path": "dist/src/tests/contract.test.d.ts", "contentEncoding": "identity", "contentType": "application/octet-stream", "hash": "4e7e33f4a1c47f0c9a5583fcd54db22d"}, {"path": "dist/src/tests/modules.test.d.ts", "contentEncoding": "identity", "contentType": "application/octet-stream", "hash": "e2ebd7ddedcadeeadbf819c35985c768"}, {"path": "dist/src/lib/contracts/contract.d.ts", "contentEncoding": "identity", "contentType": "application/octet-stream", "hash": "b3cba0982cab74b424ac7181d79940ad"}, {"path": "dist/src/lib/contracts/index.d.ts", "contentEncoding": "identity", "contentType": "application/octet-stream", "hash": "c2d61a1a1f2e08dbc05ba7b95fe5638c"}, {"path": "dist/src/lib/macros/macro.d.ts", "contentEncoding": "identity", "contentType": "application/octet-stream", "hash": "2a3205c29aad0613a2427f8de4c22c54"}, {"path": "dist/src/lib/macros/index.d.ts", "contentEncoding": "identity", "contentType": "application/octet-stream", "hash": "5556cf211d55d19b1c047df3c493c198"}, {"path": "dist/src/lib/macros/macro-workers.d.ts", "contentEncoding": "identity", "contentType": "application/octet-stream", "hash": "407cda71250ddfa507d4570ade6ec12a"}, {"path": "dist/src/lib/project/project.d.ts", "contentEncoding": "identity", "contentType": "application/octet-stream", "hash": "77fe6ff3e33e789e6a9ef629cfdb9c4a"}, {"path": "dist/src/lib/project/project-cell.d.ts", "contentEncoding": "identity", "contentType": "application/octet-stream", "hash": "c8372b6af35aff58ab0c20fe336a902b"}, {"path": "dist/src/lib/project/views.d.ts", "contentEncoding": "identity", "contentType": "application/octet-stream", "hash": "9d2959f7f1269541333f91c2f48297b2"}, {"path": "dist/src/lib/project/parsing-utils.d.ts", "contentEncoding": "identity", "contentType": "application/octet-stream", "hash": "e56a73f7e4ce70ca5daf66f3451902a7"}, {"path": "dist/src/lib/project/environment.d.ts", "contentEncoding": "identity", "contentType": "application/octet-stream", "hash": "79811cf2968c7aab46da7b927688038d"}, {"path": "dist/src/lib/project/index.d.ts", "contentEncoding": "identity", "contentType": "application/octet-stream", "hash": "2f9f65461d8b77ebf7972c4a7acc8a2d"}, {"path": "dist/src/lib/project/models.d.ts", "contentEncoding": "identity", "contentType": "application/octet-stream", "hash": "0fd91d8e2cd07d693aa8331c2fd4feca"}, {"path": "dist/src/lib/configurations/configuration.d.ts", "contentEncoding": "identity", "contentType": "application/octet-stream", "hash": "df7195498a81efaf23d565100ede1e58"}, {"path": "dist/src/lib/configurations/attributes.d.ts", "contentEncoding": "identity", "contentType": "application/octet-stream", "hash": "2a484ae08f74846a521f5d0785c2621b"}, {"path": "dist/src/lib/configurations/traits.d.ts", "contentEncoding": "identity", "contentType": "application/octet-stream", "hash": "d23784bc1cf98c131f84f3ddf4d3f8d1"}, {"path": "dist/src/lib/configurations/index.d.ts", "contentEncoding": "identity", "contentType": "application/octet-stream", "hash": "b79e829c9a50fda9cba97638c1e2d623"}, {"path": "dist/src/lib/common/types.d.ts", "contentEncoding": "identity", "contentType": "application/octet-stream", "hash": "d13a96141a45ffd44d8394a82c415fd3"}, {"path": "dist/src/lib/common/utils.d.ts", "contentEncoding": "identity", "contentType": "application/octet-stream", "hash": "fbf4b51beeb64e7d6c5eeee52d8450ab"}, {"path": "dist/src/lib/common/types-domain.d.ts", "contentEncoding": "identity", "contentType": "application/octet-stream", "hash": "399a74e24329aeb3069e127112fc7163"}, {"path": "dist/src/lib/common/traits.d.ts", "contentEncoding": "identity", "contentType": "application/octet-stream", "hash": "761cf9a8a69d5e07466a72327e5e6aca"}, {"path": "dist/src/lib/common/index.d.ts", "contentEncoding": "identity", "contentType": "application/octet-stream", "hash": "e7fc42a93161b25c977e77ec322ec979"}, {"path": "dist/src/lib/common/journal.d.ts", "contentEncoding": "identity", "contentType": "application/octet-stream", "hash": "bf6a5cfcd917ea9f07db5ea7ac627c9c"}, {"path": "dist/src/lib/modules/attributes.d.ts", "contentEncoding": "identity", "contentType": "application/octet-stream", "hash": "96a18066160f38911d1bf94290854189"}, {"path": "dist/src/lib/modules/module.d.ts", "contentEncoding": "identity", "contentType": "application/octet-stream", "hash": "f20033204113d84031fbb8e64aaf0244"}, {"path": "dist/src/lib/modules/connector.d.ts", "contentEncoding": "identity", "contentType": "application/octet-stream", "hash": "3d94f19495861a4e0a731e8024d65e33"}, {"path": "dist/src/lib/modules/traits.d.ts", "contentEncoding": "identity", "contentType": "application/octet-stream", "hash": "4c33e648a3eebeed1758af68ab7136c7"}, {"path": "dist/src/lib/modules/index.d.ts", "contentEncoding": "identity", "contentType": "application/octet-stream", "hash": "a687ebb507129628a407cebc81af630c"}, {"path": "dist/src/lib/connections/connection.d.ts", "contentEncoding": "identity", "contentType": "application/octet-stream", "hash": "458c40509488de698e0ece6fa6727555"}, {"path": "dist/src/lib/connections/index.d.ts", "contentEncoding": "identity", "contentType": "application/octet-stream", "hash": "221f2cf52e1cbbcdddbfcab2aecdefbf"}, {"path": "dist/src/lib/workflows/layer.d.ts", "contentEncoding": "identity", "contentType": "application/octet-stream", "hash": "4260920668cccbe1bad494d4bc657a3d"}, {"path": "dist/src/lib/workflows/index.d.ts", "contentEncoding": "identity", "contentType": "application/octet-stream", "hash": "23e15bcf184bfb8deb4aa0f3cca926a3"}, {"path": "dist/src/lib/deployers/utils.d.ts", "contentEncoding": "identity", "contentType": "application/octet-stream", "hash": "bfff3589349e6a9f3514f00d7ca01072"}, {"path": "dist/src/lib/deployers/in-worker.d.ts", "contentEncoding": "identity", "contentType": "application/octet-stream", "hash": "d3352d25b206be2f92963316c2179a0c"}, {"path": "dist/src/lib/deployers/instance-pool.d.ts", "contentEncoding": "identity", "contentType": "application/octet-stream", "hash": "1d8b6f81f811fbbc109327b560815289"}, {"path": "dist/src/lib/deployers/inner-observables-pool.d.ts", "contentEncoding": "identity", "contentType": "application/octet-stream", "hash": "73dab17b4d918e1107d9267aeab9744a"}, {"path": "dist/src/lib/deployers/instance-pool-worker.d.ts", "contentEncoding": "identity", "contentType": "application/octet-stream", "hash": "f2901bba2b644121f39557e9825872e0"}, {"path": "dist/src/lib/deployers/index.d.ts", "contentEncoding": "identity", "contentType": "application/octet-stream", "hash": "a9013592e9ff8fd77ae9865219337902"}, {"path": "dist/src/lib/deployers/models.d.ts", "contentEncoding": "identity", "contentType": "application/octet-stream", "hash": "cb12bdf805b5a6ccd91c41c1e68f1846"}, {"path": "dist/src/lib/modules/IOs/slot.d.ts", "contentEncoding": "identity", "contentType": "application/octet-stream", "hash": "34d7b58735285d5333caffb35c5ec06a"}, {"path": "dist/src/lib/modules/IOs/index.d.ts", "contentEncoding": "identity", "contentType": "application/octet-stream", "hash": "ba2f23f917299f1fe4a0b9b2096d38c5"}, {"path": "dist/src/tests/modules-implementation/console.module.d.ts", "contentEncoding": "identity", "contentType": "application/octet-stream", "hash": "eb93eef4624c87f3662e1c24e18de887"}, {"path": "dist/src/tests/modules-implementation/take.module.d.ts", "contentEncoding": "identity", "contentType": "application/octet-stream", "hash": "fe2cc18b86a3a8b0f5c5571765c6fa7f"}, {"path": "dist/src/tests/modules-implementation/map.module.d.ts", "contentEncoding": "identity", "contentType": "application/octet-stream", "hash": "ab43e0ea9de47b827a49ae490bd88d24"}, {"path": "dist/src/tests/modules-implementation/filter.module.d.ts", "contentEncoding": "identity", "contentType": "application/octet-stream", "hash": "73937b300c0caa975287641be623a450"}, {"path": "dist/src/tests/modules-implementation/delay-when.module.d.ts", "contentEncoding": "identity", "contentType": "application/octet-stream", "hash": "b6b5073d3a3c9e6e240d7aaed8af6f5d"}, {"path": "dist/src/tests/modules-implementation/of.module.d.ts", "contentEncoding": "identity", "contentType": "application/octet-stream", "hash": "13a77ec2cd1f9a02bc0eb3ee21e5bddb"}, {"path": "dist/src/tests/modules-implementation/plot.module.d.ts", "contentEncoding": "identity", "contentType": "application/octet-stream", "hash": "258ae708f150645a5b0acb3eb8272831"}, {"path": "dist/src/tests/modules-implementation/merge-map.module.d.ts", "contentEncoding": "identity", "contentType": "application/octet-stream", "hash": "01c9ea8520e95db77e6b42116f5e539f"}, {"path": "dist/src/tests/modules-implementation/sphere.module.d.ts", "contentEncoding": "identity", "contentType": "application/octet-stream", "hash": "10f86cb646f22ea3766c202db55c7198"}, {"path": "dist/src/tests/modules-implementation/timer.module.d.ts", "contentEncoding": "identity", "contentType": "application/octet-stream", "hash": "a0e84fff2a8edbd366f59f701c4eac48"}, {"path": "dist/src/tests/modules-implementation/delay.module.d.ts", "contentEncoding": "identity", "contentType": "application/octet-stream", "hash": "7cbd4f80cc4f4e3c9ef14da2f0f63fe2"}, {"path": "dist/src/tests/modules-implementation/common.d.ts", "contentEncoding": "identity", "contentType": "application/octet-stream", "hash": "9592ef62ac08f486a75d3c0a203c5f0c"}, {"path": "dist/src/tests/modules-implementation/combine-latest.module.d.ts", "contentEncoding": "identity", "contentType": "application/octet-stream", "hash": "9671a9d6e65bf5c177938b38a77884db"}, {"path": "src/lib/index.ts", "contentEncoding": "identity", "contentType": "application/octet-stream", "hash": "7bd8c8df08e87fcf7f5e6d4d46bd81b1"}, {"path": "src/lib/contracts/index.ts", "contentEncoding": "identity", "contentType": "application/octet-stream", "hash": "b3e2c4078c625c9e404a4494121803f1"}, {"path": "src/lib/contracts/contract.ts", "contentEncoding": "identity", "contentType": "application/octet-stream", "hash": "25a295e82972daf32d29c3fd075e0ce0"}, {"path": "src/lib/macros/index.ts", "contentEncoding": "identity", "contentType": "application/octet-stream", "hash": "508b50dd65a35b683639bed6c97b1ef0"}, {"path": "src/lib/macros/macro-workers.ts", "contentEncoding": "identity", "contentType": "application/octet-stream", "hash": "f0f13fb27edf16570a5f2144bae34d00"}, {"path": "src/lib/macros/macro.ts", "contentEncoding": "identity", "contentType": "application/octet-stream", "hash": "318dd7e20c34b497d0dd2656c6ba8ec1"}, {"path": "src/lib/project/index.ts", "contentEncoding": "identity", "contentType": "application/octet-stream", "hash": "25ecbc45c21113d11e09f42bb93bdfdd"}, {"path": "src/lib/project/project.ts", "contentEncoding": "identity", "contentType": "application/octet-stream", "hash": "0448889b25072e18b1ad7124cddef693"}, {"path": "src/lib/project/models.ts", "contentEncoding": "identity", "contentType": "application/octet-stream", "hash": "2a7b820c7dea96c49e03e9eb9195052a"}, {"path": "src/lib/project/parsing-utils.ts", "contentEncoding": "identity", "contentType": "application/octet-stream", "hash": "6d4854f1a77faf1b58180ee16fb09edd"}, {"path": "src/lib/project/project-cell.ts", "contentEncoding": "identity", "contentType": "application/octet-stream", "hash": "c5e409d6b9ceb51b88ebc8c08769f498"}, {"path": "src/lib/project/views.ts", "contentEncoding": "identity", "contentType": "application/octet-stream", "hash": "8a0ffb49f6628e737ddc3da8fc068cc5"}, {"path": "src/lib/project/environment.ts", "contentEncoding": "identity", "contentType": "application/octet-stream", "hash": "ff7d7cfd705caf63004946e78751a581"}, {"path": "src/lib/configurations/index.ts", "contentEncoding": "identity", "contentType": "application/octet-stream", "hash": "c406d0497392dedb1440f454ebdfd09a"}, {"path": "src/lib/configurations/attributes.ts", "contentEncoding": "identity", "contentType": "application/octet-stream", "hash": "91ef0fa955859087c087a30fa5c21c59"}, {"path": "src/lib/configurations/configuration.ts", "contentEncoding": "identity", "contentType": "application/octet-stream", "hash": "a47e08742db4339748261ace5524b580"}, {"path": "src/lib/configurations/traits.ts", "contentEncoding": "identity", "contentType": "application/octet-stream", "hash": "8af323ff709f1f091e1bf3714e2bd3c0"}, {"path": "src/lib/common/index.ts", "contentEncoding": "identity", "contentType": "application/octet-stream", "hash": "950d8d9a6c971e1a4b901ae57d7456b1"}, {"path": "src/lib/common/types.ts", "contentEncoding": "identity", "contentType": "application/octet-stream", "hash": "d9e45afce97503f7f019c444b998fbaf"}, {"path": "src/lib/common/types-domain.ts", "contentEncoding": "identity", "contentType": "application/octet-stream", "hash": "9deb02f5423890690a18338ff36bdc98"}, {"path": "src/lib/common/traits.ts", "contentEncoding": "identity", "contentType": "application/octet-stream", "hash": "8344deac6b703369e96af3af40847468"}, {"path": "src/lib/common/journal.ts", "contentEncoding": "identity", "contentType": "application/octet-stream", "hash": "2c187484b6cd5f265b33d3abaaceb715"}, {"path": "src/lib/common/utils.ts", "contentEncoding": "identity", "contentType": "application/octet-stream", "hash": "517f4b87b5d99d259b16dccd573c78c2"}, {"path": "src/lib/modules/index.ts", "contentEncoding": "identity", "contentType": "application/octet-stream", "hash": "1ac0e7a636206505eafa54af3b27f8ae"}, {"path": "src/lib/modules/attributes.ts", "contentEncoding": "identity", "contentType": "application/octet-stream", "hash": "9acde91eddd72f8eb79e2922072fe67e"}, {"path": "src/lib/modules/traits.ts", "contentEncoding": "identity", "contentType": "application/octet-stream", "hash": "674cf7f9e0e1ed126dfaec7bd3d63c4b"}, {"path": "src/lib/modules/connector.ts", "contentEncoding": "identity", "contentType": "application/octet-stream", "hash": "5f403d6726e4b50929d311f469b35d50"}, {"path": "src/lib/modules/module.ts", "contentEncoding": "identity", "contentType": "application/octet-stream", "hash": "d7f1a31217d0eaeaf616b303b722a1b7"}, {"path": "src/lib/connections/index.ts", "contentEncoding": "identity", "contentType": "application/octet-stream", "hash": "71c632f09847f91313ca73113be404f6"}, {"path": "src/lib/connections/connection.ts", "contentEncoding": "identity", "contentType": "application/octet-stream", "hash": "e5316c07dc95d6dfcee7089fc4420c78"}, {"path": "src/lib/workflows/index.ts", "contentEncoding": "identity", "contentType": "application/octet-stream", "hash": "5c5f236d42229059663469cd8e768a39"}, {"path": "src/lib/workflows/layer.ts", "contentEncoding": "identity", "contentType": "application/octet-stream", "hash": "b95054f577900505144c22ef27bd3bbe"}, {"path": "src/lib/deployers/index.ts", "contentEncoding": "identity", "contentType": "application/octet-stream", "hash": "1972637ab6f12790e53a5f8eaa46b3b2"}, {"path": "src/lib/deployers/models.ts", "contentEncoding": "identity", "contentType": "application/octet-stream", "hash": "b96de52dd2e5dd914cbd2b4e65f25210"}, {"path": "src/lib/deployers/instance-pool-worker.ts", "contentEncoding": "identity", "contentType": "application/octet-stream", "hash": "a988f155c4b413e4823c528d3ce00a81"}, {"path": "src/lib/deployers/instance-pool.ts", "contentEncoding": "identity", "contentType": "application/octet-stream", "hash": "7a7c4045ea728fe269bc1a865a71b20d"}, {"path": "src/lib/deployers/inner-observables-pool.ts", "contentEncoding": "identity", "contentType": "application/octet-stream", "hash": "9f6a71621848f95355c10d010856ad27"}, {"path": "src/lib/deployers/in-worker.ts", "contentEncoding": "identity", "contentType": "application/octet-stream", "hash": "4cab350b73a8479ec64f85cca0884403"}, {"path": "src/lib/deployers/utils.ts", "contentEncoding": "identity", "contentType": "application/octet-stream", "hash": "c6340eebb3fa5c2595f9e71f0848079a"}, {"path": "src/lib/modules/IOs/index.ts", "contentEncoding": "identity", "contentType": "application/octet-stream", "hash": "e55d3919adb7313e4aab36ecc2d2f4ac"}, {"path": "src/lib/modules/IOs/slot.ts", "contentEncoding": "identity", "contentType": "application/octet-stream", "hash": "507632eb0b7c02c5cbd826406fbe4bd3"}, {"path": "dist/docs/hierarchy.html", "contentEncoding": "identity", "contentType": "text/html", "hash": "766f39a8087b0cc9fc0d9f87275e25d6"}, {"path": "dist/docs/.nojekyll", "contentEncoding": "identity", "contentType": "application/octet-stream", "hash": "527ed13d9651065487492991875c804a"}, {"path": "dist/docs/index.html", "contentEncoding": "identity", "contentType": "text/html", "hash": "884d3637cd7bff7d5da46e24f3a4115b"}, {"path": "dist/docs/modules.html", "contentEncoding": "identity", "contentType": "text/html", "hash": "174ed5ead99c34eb9063d117dca771d7"}, {"path": "dist/docs/types/Macros.MacroDeclaration.html", "contentEncoding": "identity", "contentType": "text/html", "hash": "54cf1bb52e27444c1aa9a702ba28f82e"}, {"path": "dist/docs/types/ImmutableObj.html", "contentEncoding": "identity", "contentType": "text/html", "hash": "67b6c3afa8dddf5657bd799b9b898e22"}, {"path": "dist/docs/types/Connections.AnyJson.html", "contentEncoding": "identity", "contentType": "text/html", "hash": "a79032a180aa7bd4be8b1e6ba1042a1a"}, {"path": "dist/docs/types/Deployers.ImplementationProxy.html", "contentEncoding": "identity", "contentType": "text/html", "hash": "2a1bae18b5f11f6869cfb7e87fdac3c8"}, {"path": "dist/docs/types/Deployers.ConnectionDescriberFromWorker.html", "contentEncoding": "identity", "contentType": "text/html", "hash": "2b0032e9bf8d5fd8d5870c44a822ea8b"}, {"path": "dist/docs/types/Modules.OutputMessage.html", "contentEncoding": "identity", "contentType": "text/html", "hash": "c9a389b1a852b3ba21777e80170860f4"}, {"path": "dist/docs/types/Deployers.VsfInnerObservable.html", "contentEncoding": "identity", "contentType": "text/html", "hash": "bb4421b2083a90ec0a0ccad41022a701"}, {"path": "dist/docs/types/Projects.LibrariesStore.html", "contentEncoding": "identity", "contentType": "text/html", "hash": "03a72a6260ebb5719b07b978909876fc"}, {"path": "dist/docs/types/Modules.SchemaModuleBase.html", "contentEncoding": "identity", "contentType": "text/html", "hash": "771490c345d18c3290bf0856833f34e4"}, {"path": "dist/docs/types/Deployers.Chart.html", "contentEncoding": "identity", "contentType": "text/html", "hash": "325f11c16722bac8267a3b585c1411f2"}, {"path": "dist/docs/types/Deployers.ProbeMessageFromWorker.html", "contentEncoding": "identity", "contentType": "text/html", "hash": "11b95e6b4a0c80d78433e33641be2573"}, {"path": "dist/docs/types/Modules.ProcessingMessage.html", "contentEncoding": "identity", "contentType": "text/html", "hash": "82ef795b113b242d745412a39c64ae1a"}, {"path": "dist/docs/types/Connections.ConnectableTrait.html", "contentEncoding": "identity", "contentType": "text/html", "hash": "d4f8153fe8349abdb57a4ebf06410891"}, {"path": "dist/docs/types/Connections.JsonMap.html", "contentEncoding": "identity", "contentType": "text/html", "hash": "736e5da7082e6a51f87b2039fe24372f"}, {"path": "dist/docs/types/Projects.MacroConfiguration.html", "contentEncoding": "identity", "contentType": "text/html", "hash": "231758b6a2d79160da8578460770c6d9"}, {"path": "dist/docs/types/Deployers.Version.html", "contentEncoding": "identity", "contentType": "text/html", "hash": "b3ccd0fd8754932ad9c225aa6560aea7"}, {"path": "dist/docs/types/Projects.ProjectView.html", "contentEncoding": "identity", "contentType": "text/html", "hash": "ade5bb54a31472665ebf7df43360ec29"}, {"path": "dist/docs/types/Deployers.ReadyMessage.html", "contentEncoding": "identity", "contentType": "text/html", "hash": "8edc21b27eea2069d1090be75eaed61c"}, {"path": "dist/docs/types/Projects.RunningWorksheet.html", "contentEncoding": "identity", "contentType": "text/html", "hash": "a48118ce45fe62f78b388cb8cbf5cdc8"}, {"path": "dist/docs/types/Deployers.InputClosed.html", "contentEncoding": "identity", "contentType": "text/html", "hash": "bd52d89bd022415c61156274273ccf59"}, {"path": "dist/docs/types/Modules.OutputsReturn.html", "contentEncoding": "identity", "contentType": "text/html", "hash": "bd63566a909cdd64d0bf5d0fa015adaf"}, {"path": "dist/docs/types/Deployers.OnInnerPoolEventArgs.html", "contentEncoding": "identity", "contentType": "text/html", "hash": "bd85eee8f175b2b56c165e6ecc6c6c8c"}, {"path": "dist/docs/types/Deployers.InputMessage.html", "contentEncoding": "identity", "contentType": "text/html", "hash": "a23f69bb6286f0ec0e203e1e7c4baabf"}, {"path": "dist/docs/types/Deployers.ConnectionsHint.html", "contentEncoding": "identity", "contentType": "text/html", "hash": "f6537ab9587e36200fffbb6813830ca1"}, {"path": "dist/docs/types/Modules.ModuleModel.html", "contentEncoding": "identity", "contentType": "text/html", "hash": "9472638864bd1c664aa1678602e908c3"}, {"path": "dist/docs/types/Modules.OutputMapperArg.html", "contentEncoding": "identity", "contentType": "text/html", "hash": "bb27ee2c6a6028645c778d524379cffc"}, {"path": "dist/docs/types/Modules.InputMessage.html", "contentEncoding": "identity", "contentType": "text/html", "hash": "173cb1d87803c09a528780ccbcedad99"}, {"path": "dist/docs/types/Projects.MacroConfigMapper.html", "contentEncoding": "identity", "contentType": "text/html", "hash": "d2d03fa92909b0c7f0e0245758e4a3f1"}, {"path": "dist/docs/types/Modules.SchemaModule.html", "contentEncoding": "identity", "contentType": "text/html", "hash": "0df803a3395b501e47c90d60cc46f7f6"}, {"path": "dist/docs/types/Projects.Flowchart.html", "contentEncoding": "identity", "contentType": "text/html", "hash": "09111bf46e8df7fc1df09a8030181acc"}, {"path": "dist/docs/types/Macros.MacroModel.html", "contentEncoding": "identity", "contentType": "text/html", "hash": "422fc7d5cc71289e8281608569bb8bd0"}, {"path": "dist/docs/types/Workflows.WorkflowModel.html", "contentEncoding": "identity", "contentType": "text/html", "hash": "c795031d1f649c5482bc87926f0f8100"}, {"path": "dist/docs/types/Projects.HtmlView.html", "contentEncoding": "identity", "contentType": "text/html", "hash": "2a2f5e41f424067679d93409fc631e60"}, {"path": "dist/docs/types/Modules.OverrideType.html", "contentEncoding": "identity", "contentType": "text/html", "hash": "e34008438e7b4d16c1fd3a3c2a78b8de"}, {"path": "dist/docs/types/Immutable_.html", "contentEncoding": "identity", "contentType": "text/html", "hash": "feceef193987efdbc2c3b17802c49f9a"}, {"path": "dist/docs/types/KeysAsUnion.html", "contentEncoding": "identity", "contentType": "text/html", "hash": "11fe9a0ee5fdb5dfeddd656fe2ef1b6d"}, {"path": "dist/docs/types/Projects.MacroAPI.html", "contentEncoding": "identity", "contentType": "text/html", "hash": "30ef344aa9759c833d65964fd2a95cb4"}, {"path": "dist/docs/types/Connections.UserContext.html", "contentEncoding": "identity", "contentType": "text/html", "hash": "175f66a9b43481804c4312070c6f7a95"}, {"path": "dist/docs/types/Configurations.Schema.html", "contentEncoding": "identity", "contentType": "text/html", "hash": "8692ec2ca673c258a211e994b7a30da5"}, {"path": "dist/docs/types/ToolBox.html", "contentEncoding": "identity", "contentType": "text/html", "hash": "83d1a750ad08911e38758cb8ef040abf"}, {"path": "dist/docs/types/Modules.OutputsMapper.html", "contentEncoding": "identity", "contentType": "text/html", "hash": "29e1f71924b0f6290ea8bb293f86803f"}, {"path": "dist/docs/types/Modules.GetGenericObservable.html", "contentEncoding": "identity", "contentType": "text/html", "hash": "a2f7234749f7af9331d2a9828c2bcacf"}, {"path": "dist/docs/types/Projects.FlowchartLayer.html", "contentEncoding": "identity", "contentType": "text/html", "hash": "783a8c48c5faeede6e657aa53274fa53"}, {"path": "dist/docs/types/Projects.ModuleAttributes.html", "contentEncoding": "identity", "contentType": "text/html", "hash": "7783ac0da97a36594d2e05eed8eed0fc"}, {"path": "dist/docs/types/Deployers.ProbeMessageId.html", "contentEncoding": "identity", "contentType": "text/html", "hash": "068c7fc5cc2637be4ef4d0d5a868f91b"}, {"path": "dist/docs/types/Deployers.ProbeMessageIdKeys.html", "contentEncoding": "identity", "contentType": "text/html", "hash": "29294ac8ce76133482d8e9ee1ad32202"}, {"path": "dist/docs/types/Connections.ConnectionTrait.html", "contentEncoding": "identity", "contentType": "text/html", "hash": "1a92e44f0a3ecb6220c5d1369b9fadbb"}, {"path": "dist/docs/types/Modules.Declaration.html", "contentEncoding": "identity", "contentType": "text/html", "hash": "dfb7d7f2399890341a63587bac7fcb83"}, {"path": "dist/docs/types/Projects.Workflow.html", "contentEncoding": "identity", "contentType": "text/html", "hash": "1bffffd37e5fe5d4e999ac8758fd24ef"}, {"path": "dist/docs/types/Connections.ConnectionModel.html", "contentEncoding": "identity", "contentType": "text/html", "hash": "94944ccd47c488aa2a0210aee46e25c3"}, {"path": "dist/docs/types/Projects.FlowchartAnnotation.html", "contentEncoding": "identity", "contentType": "text/html", "hash": "5621201f85baeb4d3331eab8933d6605"}, {"path": "dist/docs/types/Modules.GetGenericInput.html", "contentEncoding": "identity", "contentType": "text/html", "hash": "b6636b7859da5bdbbd44be74def27164"}, {"path": "dist/docs/types/Configurations.ConfigInstance.html", "contentEncoding": "identity", "contentType": "text/html", "hash": "2d6bf2b1e077502fce7645801c03c4b3"}, {"path": "dist/docs/types/Modules.UserArgs.html", "contentEncoding": "identity", "contentType": "text/html", "hash": "41fe1adbe633006f8dd9e04bf018185a"}, {"path": "dist/docs/types/WorkersPoolInstance.html", "contentEncoding": "identity", "contentType": "text/html", "hash": "2a3a58cc542de14e254d9ecbdd1de347"}, {"path": "dist/docs/types/Projects.ProjectElements.html", "contentEncoding": "identity", "contentType": "text/html", "hash": "4c16318a941af7c7f9ea997463ce9347"}, {"path": "dist/docs/types/Deployers.Probe.html", "contentEncoding": "identity", "contentType": "text/html", "hash": "b627eda58e6612b753014cebfcd39605"}, {"path": "dist/docs/types/Deployers.ConnectionProxy.html", "contentEncoding": "identity", "contentType": "text/html", "hash": "776f2c6565d9a3fabd21e49815e8149b"}, {"path": "dist/docs/types/Deployers.WorkerEnvironmentTrait.html", "contentEncoding": "identity", "contentType": "text/html", "hash": "241766cc91bed46a28a6f349213a2dd3"}, {"path": "dist/docs/types/Connections.Adaptor.html", "contentEncoding": "identity", "contentType": "text/html", "hash": "994ab2e034c9f07bdc6f502b3025eda3"}, {"path": "dist/docs/types/Modules.InputsMap.html", "contentEncoding": "identity", "contentType": "text/html", "hash": "bad8fe6ea9c0a010f9c02a671f68c642"}, {"path": "dist/docs/types/Deployers.WorkerProcessTrait.html", "contentEncoding": "identity", "contentType": "text/html", "hash": "41ac9e971426531e19ef10d2df6f84a2"}, {"path": "dist/docs/types/Modules.WithModuleBaseSchema.html", "contentEncoding": "identity", "contentType": "text/html", "hash": "8bf96f4e97279471e618edbd2df0774f"}, {"path": "dist/docs/types/Connections.JsonArray.html", "contentEncoding": "identity", "contentType": "text/html", "hash": "b9832496cd2198b22636e9a272e69249"}, {"path": "dist/docs/types/Projects.ProjectsStore.html", "contentEncoding": "identity", "contentType": "text/html", "hash": "925abc9c106fa862f8806087df8c8328"}, {"path": "dist/docs/types/Modules.ImplementationTrait.html", "contentEncoding": "identity", "contentType": "text/html", "hash": "e1773a5514c9666f2fe963a57a57c78a"}, {"path": "dist/docs/types/Deployers.StopSignal.html", "contentEncoding": "identity", "contentType": "text/html", "hash": "28fcc0c114065f60a89ab10ff68ce054"}, {"path": "dist/docs/types/Connections.Message.html", "contentEncoding": "identity", "contentType": "text/html", "hash": "e5d2fafcae1a24370f27b33a42d21016"}, {"path": "dist/docs/types/Deployers.DeployChart.html", "contentEncoding": "identity", "contentType": "text/html", "hash": "ca828b4a32aec743b310b1ea5a1c4a64"}, {"path": "dist/docs/types/EnvironmentTrait.html", "contentEncoding": "identity", "contentType": "text/html", "hash": "6323f6776a77c08fd40d940aa8fd3cee"}, {"path": "dist/docs/types/Projects.Macro.html", "contentEncoding": "identity", "contentType": "text/html", "hash": "778af3f62554aaa8bf6bfcdca06fe98c"}, {"path": "dist/docs/types/Connections.ConnectionStatus.html", "contentEncoding": "identity", "contentType": "text/html", "hash": "e72074796a19e56e5cf1953c5a153805"}, {"path": "dist/docs/types/Projects.CellFunction.html", "contentEncoding": "identity", "contentType": "text/html", "hash": "0c0164127af22fef923590b27ebf5c04"}, {"path": "dist/docs/types/Deployers.ModuleDescriberFromWorker.html", "contentEncoding": "identity", "contentType": "text/html", "hash": "ac952d94c369421909798147ec4fe25f"}, {"path": "dist/docs/types/Configurations.Configuration.html", "contentEncoding": "identity", "contentType": "text/html", "hash": "bb896e2fa80e57f328678b0d3c1a5e29"}, {"path": "dist/docs/types/Immutable.html", "contentEncoding": "identity", "contentType": "text/html", "hash": "269f4bdd3f908986341d5dfbecc799fe"}, {"path": "dist/docs/types/WorkersPoolModel.html", "contentEncoding": "identity", "contentType": "text/html", "hash": "6585541a9cbd0d65a5e48f5ebc1ccefd"}, {"path": "dist/docs/types/Immutables.html", "contentEncoding": "identity", "contentType": "text/html", "hash": "3face412a6170f7f494f903136df662b"}, {"path": "dist/docs/types/Deployers.InstancePoolDescriberFromWorker.html", "contentEncoding": "identity", "contentType": "text/html", "hash": "e25c3b3a44c950760e1a975fc80220fa"}, {"path": "dist/docs/types/Modules.MessageContext.html", "contentEncoding": "identity", "contentType": "text/html", "hash": "80f410b6c7497d833826abb766e1e494"}, {"path": "dist/docs/types/Modules.ForwardArgs.html", "contentEncoding": "identity", "contentType": "text/html", "hash": "669115f26e3c59d8051f05e8c42ba84f"}, {"path": "dist/docs/types/Projects.HtmlViewsStore.html", "contentEncoding": "identity", "contentType": "text/html", "hash": "f91b91fa00d2086327582da6fb7d17c2"}, {"path": "dist/docs/types/Projects.Worksheet.html", "contentEncoding": "identity", "contentType": "text/html", "hash": "2c0daf09ba7db872c22864d39b8b821c"}, {"path": "dist/docs/types/Macros.MacroApi.html", "contentEncoding": "identity", "contentType": "text/html", "hash": "6f03e19c466462a4571d1d882b181c4f"}, {"path": "dist/docs/types/Modules.Input.html", "contentEncoding": "identity", "contentType": "text/html", "hash": "311fed6ee4caf554660525cbe2cc2cd3"}, {"path": "dist/docs/types/Projects.WorkersPool.html", "contentEncoding": "identity", "contentType": "text/html", "hash": "f6baee2b2bec876ad4b453903a3cfb5a"}, {"path": "dist/docs/types/Deployers.OnInnerPoolEventEndArgs.html", "contentEncoding": "identity", "contentType": "text/html", "hash": "399be9bb3295d8df3356d4b2b53cddbe"}, {"path": "dist/docs/types/Macros.MacroSchema.html", "contentEncoding": "identity", "contentType": "text/html", "hash": "a368699dfe2077baa217ffcb5e02585d"}, {"path": "dist/docs/types/Modules.Scope.html", "contentEncoding": "identity", "contentType": "text/html", "hash": "43a5ef9fa9d3ca05fcf8960aa017243f"}, {"path": "dist/docs/types/WorkersPoolRunTime.html", "contentEncoding": "identity", "contentType": "text/html", "hash": "8bba310b25a37111a805e91609634ae4"}, {"path": "dist/docs/types/Deployers.RuntimeNotification.html", "contentEncoding": "identity", "contentType": "text/html", "hash": "6abc960e87215b6b92eeb201155b60dd"}, {"path": "dist/docs/functions/Modules.stringAttribute.html", "contentEncoding": "identity", "contentType": "text/html", "hash": "4e2efffb45d160f90458b823598babce"}, {"path": "dist/docs/functions/Contracts.some.html", "contentEncoding": "identity", "contentType": "text/html", "hash": "84863f42bb48672e5be354aba7cd897a"}, {"path": "dist/docs/functions/Projects.insertCell.html", "contentEncoding": "identity", "contentType": "text/html", "hash": "11545c107b8bf73a1fbaae71f14d8933"}, {"path": "dist/docs/functions/Macros.macroInstance.html", "contentEncoding": "identity", "contentType": "text/html", "hash": "ea8cc56ed0a37295c42ec1d25901c53d"}, {"path": "dist/docs/functions/Deployers.moduleInstanceInWorker.html", "contentEncoding": "identity", "contentType": "text/html", "hash": "a98207e5ec4f99e6c46247fd58d930e5"}, {"path": "dist/docs/functions/Contracts.of.html", "contentEncoding": "identity", "contentType": "text/html", "hash": "d47669b06e454e9afbc167d94d4ba5fc"}, {"path": "dist/docs/functions/Deployers.isInputRawMessageProbe.html", "contentEncoding": "identity", "contentType": "text/html", "hash": "d39311764b45a1ecbc584f5d186d011b"}, {"path": "dist/docs/functions/Modules.mergeMessagesContext.html", "contentEncoding": "identity", "contentType": "text/html", "hash": "e056aecf7b39f2a6f842c39ed76baf02"}, {"path": "dist/docs/functions/Contracts.attribute.html", "contentEncoding": "identity", "contentType": "text/html", "hash": "c3d1f638734fb842ab95af5863f13f34"}, {"path": "dist/docs/functions/Deployers.startWorkerShadowPool.html", "contentEncoding": "identity", "contentType": "text/html", "hash": "53c193ca2d4ff24fe04ba93bf43b3957"}, {"path": "dist/docs/functions/Deployers.implementsDeployerTrait.html", "contentEncoding": "identity", "contentType": "text/html", "hash": "5b5f29deebccc6aff4a6ca5323a041e6"}, {"path": "dist/docs/functions/Projects.parseMacroInput.html", "contentEncoding": "identity", "contentType": "text/html", "hash": "e93dcca9be6fe2fdca94073f8bf59128"}, {"path": "dist/docs/functions/mergeWith.html", "contentEncoding": "identity", "contentType": "text/html", "hash": "2541c2ca68a25c1502347b7f0e4eb720"}, {"path": "dist/docs/functions/Modules.uuidv4.html", "contentEncoding": "identity", "contentType": "text/html", "hash": "c7e2b36a13c98d9bb85a0454e89ec437"}, {"path": "dist/docs/functions/Modules.floatAttribute.html", "contentEncoding": "identity", "contentType": "text/html", "hash": "3d369fa5744e641fefb2f692b225f989"}, {"path": "dist/docs/functions/Modules.baseModuleSchemaDefaultInstance.html", "contentEncoding": "identity", "contentType": "text/html", "hash": "dab00aba56c010f143ec11c5c4cb0da7"}, {"path": "dist/docs/functions/Contracts.all.html", "contentEncoding": "identity", "contentType": "text/html", "hash": "b01b8d2efa7a8fdef07e86c56e7a5a99"}, {"path": "dist/docs/functions/Contracts.instanceOf.html", "contentEncoding": "identity", "contentType": "text/html", "hash": "0d3e75ec9b398dca6667e636783c183c"}, {"path": "dist/docs/functions/Modules.anyObjectAttribute.html", "contentEncoding": "identity", "contentType": "text/html", "hash": "d324cad4ca199fa5d7c386a13dc8b652"}, {"path": "dist/docs/functions/Deployers.isConnectionMessageProbe.html", "contentEncoding": "identity", "contentType": "text/html", "hash": "0d258f7fa809a21b3b640e3548e4927d"}, {"path": "dist/docs/functions/Deployers.serializeChart.html", "contentEncoding": "identity", "contentType": "text/html", "hash": "c48db897a3db985c36b750fb9ab51b43"}, {"path": "dist/docs/functions/Projects.parseDag.html", "contentEncoding": "identity", "contentType": "text/html", "hash": "6df5546ab96efbed3671f687c33173b3"}, {"path": "dist/docs/functions/Modules.getOutputSlot.html", "contentEncoding": "identity", "contentType": "text/html", "hash": "f40eec638ec6404d982401a33b33dbcb"}, {"path": "dist/docs/functions/Modules.stringLiteralAttribute.html", "contentEncoding": "identity", "contentType": "text/html", "hash": "0dd4207ab8c51b56fd3d081960109b71"}, {"path": "dist/docs/functions/Deployers.emitRuntime.html", "contentEncoding": "identity", "contentType": "text/html", "hash": "8f66f68e46eeea9c203caf6508733a58"}, {"path": "dist/docs/functions/Deployers.createInstancePoolProxy.html", "contentEncoding": "identity", "contentType": "text/html", "hash": "75e7996f509f02b761e83688422ca4ec"}, {"path": "dist/docs/functions/Modules.booleanAttribute.html", "contentEncoding": "identity", "contentType": "text/html", "hash": "1ced28280302e5c8a806ab985843d003"}, {"path": "dist/docs/functions/Contracts.free.html", "contentEncoding": "identity", "contentType": "text/html", "hash": "6d4aeca5a725fa874768821b7f0cfe21"}, {"path": "dist/docs/functions/implementsHtmlTrait.html", "contentEncoding": "identity", "contentType": "text/html", "hash": "9f966f9e95085d5c8ecface188d6596d"}, {"path": "dist/docs/functions/Contracts.single.html", "contentEncoding": "identity", "contentType": "text/html", "hash": "2eb8859c8ff5d5955907050df81aed1a"}, {"path": "dist/docs/functions/Modules.jsCodeAttribute.html", "contentEncoding": "br", "contentType": "text/html", "hash": "b079ff5269953d8fb41d5954d3d3a463"}, {"path": "dist/docs/functions/Modules.integerAttribute.html", "contentEncoding": "identity", "contentType": "text/html", "hash": "5a7ebd1a7edec7741231679789c7ee07"}, {"path": "dist/docs/functions/implementsDocumentationTrait.html", "contentEncoding": "identity", "contentType": "text/html", "hash": "6b01d046453013d37793c299f081fb48"}, {"path": "dist/docs/functions/Modules.anyAttribute.html", "contentEncoding": "identity", "contentType": "text/html", "hash": "419dd60cbdfc8e0110a63a210858e3c1"}, {"path": "dist/docs/functions/Deployers.toClonable.html", "contentEncoding": "identity", "contentType": "text/html", "hash": "716897c60a7a6dd5843a5ba8b3dfea76"}, {"path": "dist/docs/functions/Deployers.isOutputObservableProbe.html", "contentEncoding": "identity", "contentType": "text/html", "hash": "08816c905b6501ea44e258a8b2518cec"}, {"path": "dist/docs/functions/Contracts.count.html", "contentEncoding": "identity", "contentType": "text/html", "hash": "5626e7f0b708b728fc594cdaf9499a6a"}, {"path": "dist/docs/functions/Macros.createMacroInputs.html", "contentEncoding": "identity", "contentType": "text/html", "hash": "527d62b563da9f2da453fe539a92a3c6"}, {"path": "dist/docs/functions/Modules.makeAttribute.html", "contentEncoding": "identity", "contentType": "text/html", "hash": "2edd8442606a7080dd63e39fc174cbfc"}, {"path": "dist/docs/functions/Projects.installRxVDOM.html", "contentEncoding": "identity", "contentType": "text/html", "hash": "8043fa87fa28a59bdecbefd71cfb5ee6"}, {"path": "dist/docs/functions/Modules.getInputSlot.html", "contentEncoding": "identity", "contentType": "text/html", "hash": "d81452f87da747c0f9e573ad9fb57408"}, {"path": "dist/docs/functions/Workflows.emptyWorkflowModel.html", "contentEncoding": "identity", "contentType": "text/html", "hash": "b5412f05df37c4ffbf3333ebe5ae6435"}, {"path": "dist/docs/functions/Contracts.any.html", "contentEncoding": "identity", "contentType": "text/html", "hash": "3b9acb71e29f4d30ff31ccb81bd649d7"}, {"path": "dist/docs/functions/Projects.parseBranch.html", "contentEncoding": "identity", "contentType": "text/html", "hash": "d650b102f0af5ef6ba75c1a46f0fd73f"}, {"path": "dist/docs/functions/Macros.createChart.html", "contentEncoding": "identity", "contentType": "text/html", "hash": "0802cc0c71f22ed45642e6428532f30e"}, {"path": "dist/docs/functions/Deployers.isProbe.html", "contentEncoding": "identity", "contentType": "text/html", "hash": "4824aa5f47e149e12982efc9de617287"}, {"path": "dist/docs/functions/Contracts.optionals.html", "contentEncoding": "identity", "contentType": "text/html", "hash": "47e0e877ebd665da021da4d5fcab615e"}, {"path": "dist/docs/functions/Deployers.getProbes.html", "contentEncoding": "identity", "contentType": "text/html", "hash": "79064871ff21988f7528e333700f49c8"}, {"path": "dist/docs/functions/asMutable.html", "contentEncoding": "identity", "contentType": "text/html", "hash": "e217ad273b56e6c853cdcfcc7ab6a79f"}, {"path": "dist/docs/functions/Deployers.transmitInputMessage.html", "contentEncoding": "identity", "contentType": "text/html", "hash": "f0600a0356131f6b756eceec772791eb"}, {"path": "dist/docs/functions/Macros.deployMacroInWorker.html", "contentEncoding": "identity", "contentType": "text/html", "hash": "1fb8f330ce73ee88d56e5a969dc878cc"}, {"path": "dist/docs/functions/Configurations.implementsConfigurableTrait.html", "contentEncoding": "identity", "contentType": "text/html", "hash": "b609b4234bb4126b80a9dc67071985a2"}, {"path": "dist/docs/functions/Deployers.implementWorkerEnvironmentTrait.html", "contentEncoding": "identity", "contentType": "text/html", "hash": "8b8dc502a5aa001e96fc0f33bfb19fe1"}, {"path": "dist/docs/functions/Deployers.implementWorkerProcessTrait.html", "contentEncoding": "identity", "contentType": "text/html", "hash": "a46d30c31107c55a061a67153e84efbe"}, {"path": "dist/docs/functions/Contracts.contract.html", "contentEncoding": "identity", "contentType": "text/html", "hash": "3b268b1f2f07fa6d6497bf3c235f529e"}, {"path": "dist/docs/functions/Projects.parseMacroOutput.html", "contentEncoding": "identity", "contentType": "text/html", "hash": "eb154e43ae9c065f452a90bf839226b2"}, {"path": "dist/docs/functions/Macros.createMacroOutputs.html", "contentEncoding": "identity", "contentType": "text/html", "hash": "eef9ee5701f2dc41b562ac2198d05743"}, {"path": "dist/docs/functions/asImmutable.html", "contentEncoding": "identity", "contentType": "text/html", "hash": "28aed2edf29007c68e453106019394cd"}, {"path": "dist/docs/functions/Modules.customAttribute.html", "contentEncoding": "identity", "contentType": "text/html", "hash": "87941b3a26639896265d36ac3eddc1bc"}, {"path": "dist/docs/functions/Deployers.transmitProbeToMainThread.html", "contentEncoding": "identity", "contentType": "text/html", "hash": "28c1f586ac91889bac19b7fc68337ce5"}, {"path": "dist/docs/assets/icons.svg", "contentEncoding": "identity", "contentType": "image/svg+xml", "hash": "7cce830175ea8db295264c9afc375748"}, {"path": "dist/docs/assets/navigation.js", "contentEncoding": "br", "contentType": "application/javascript;charset=UTF-8", "hash": "807a6f9384a99a21bb921b8bfe741176"}, {"path": "dist/docs/assets/main.js", "contentEncoding": "br", "contentType": "application/javascript;charset=UTF-8", "hash": "5a28a3f9b2daeaed3688ee46f6587827"}, {"path": "dist/docs/assets/icons.js", "contentEncoding": "br", "contentType": "application/javascript;charset=UTF-8", "hash": "e320216755abec04d09e16127b4dcded"}, {"path": "dist/docs/assets/style.css", "contentEncoding": "br", "contentType": "text/css", "hash": "97d7775467bf0de7050b1a323a87ce46"}, {"path": "dist/docs/assets/highlight.css", "contentEncoding": "br", "contentType": "text/css", "hash": "f4602b481bbd0876db319b52a4be7c19"}, {"path": "dist/docs/assets/search.js", "contentEncoding": "br", "contentType": "application/javascript;charset=UTF-8", "hash": "b7723116f2d8454d36c86e0e315a2716"}, {"path": "dist/docs/modules/Modules.html", "contentEncoding": "identity", "contentType": "text/html", "hash": "fc4e8586f8125ee3651cb3f6ffa49736"}, {"path": "dist/docs/modules/Macros.html", "contentEncoding": "identity", "contentType": "text/html", "hash": "ef878ad5b01c94051c56b9015ea7221b"}, {"path": "dist/docs/modules/Contracts.html", "contentEncoding": "identity", "contentType": "text/html", "hash": "a5c1d1ffa23aea5a310d1757396e64af"}, {"path": "dist/docs/modules/Connections.html", "contentEncoding": "identity", "contentType": "text/html", "hash": "aa93d6ab305f00791c813652a0df0a05"}, {"path": "dist/docs/modules/Configurations.html", "contentEncoding": "identity", "contentType": "text/html", "hash": "6558a4349db92504182c1fd44726f826"}, {"path": "dist/docs/modules/Projects.html", "contentEncoding": "identity", "contentType": "text/html", "hash": "2a68458ea0bcf13e960a57f6922198fb"}, {"path": "dist/docs/modules/Workflows.html", "contentEncoding": "identity", "contentType": "text/html", "hash": "460d3a2e55ffa4637d2d24f2b1d0703c"}, {"path": "dist/docs/modules/Deployers.html", "contentEncoding": "identity", "contentType": "text/html", "hash": "630710edbb11203189b76b6d0929a825"}, {"path": "dist/docs/interfaces/StatusTrait.html", "contentEncoding": "identity", "contentType": "text/html", "hash": "be91d511c9c87afb3429efbed3774b2f"}, {"path": "dist/docs/interfaces/Contracts.ExpectationTrait.html", "contentEncoding": "identity", "contentType": "text/html", "hash": "c5da304c40d9f9dfa66a6b61163412e5"}, {"path": "dist/docs/interfaces/DocumentationTrait.html", "contentEncoding": "identity", "contentType": "text/html", "hash": "4c663c945c069333b876c12e70608b12"}, {"path": "dist/docs/interfaces/Projects.CellTrait.html", "contentEncoding": "identity", "contentType": "text/html", "hash": "9ebc16b378f0c121b9e12da4c5677535"}, {"path": "dist/docs/interfaces/CanvasTrait.html", "contentEncoding": "identity", "contentType": "text/html", "hash": "0611316c14d02b1883ff5817b9b40f83"}, {"path": "dist/docs/interfaces/ToolboxObjectTrait.html", "contentEncoding": "identity", "contentType": "text/html", "hash": "0322d979a6fa2e11ba970b0b2bff773a"}, {"path": "dist/docs/interfaces/Modules.SlotTrait.html", "contentEncoding": "identity", "contentType": "text/html", "hash": "781011abf6936e6f7c972a35f4f11ca1"}, {"path": "dist/docs/interfaces/Configurations.AttributeTrait.html", "contentEncoding": "identity", "contentType": "text/html", "hash": "bb51fb4b4dcad3b280cb613b14a7eaae"}, {"path": "dist/docs/interfaces/JournalTrait.html", "contentEncoding": "identity", "contentType": "text/html", "hash": "ceae3a3abcb0c979af0298d27326a837"}, {"path": "dist/docs/interfaces/Configurations.ConfigurableTrait.html", "contentEncoding": "identity", "contentType": "text/html", "hash": "49b35b8516c7da9c89204051d33dca79"}, {"path": "dist/docs/interfaces/Modules.ApiTrait.html", "contentEncoding": "identity", "contentType": "text/html", "hash": "6c7dc450d685fb8df244b305f6d0b470"}, {"path": "dist/docs/interfaces/UidTrait.html", "contentEncoding": "identity", "contentType": "text/html", "hash": "3122452a57df1b4b7d6d9a8a09d45036"}, {"path": "dist/docs/interfaces/InstallerTrait.html", "contentEncoding": "identity", "contentType": "text/html", "hash": "649f7dae6b40e7c3ea741db2ff0c76a4"}, {"path": "dist/docs/interfaces/Deployers.DeployerTrait.html", "contentEncoding": "identity", "contentType": "text/html", "hash": "852a1a5b02341e9d284e0663769696bb"}, {"path": "dist/docs/interfaces/Contracts.Resolution.html", "contentEncoding": "identity", "contentType": "text/html", "hash": "71047162967b6461ed6bc04a72607e1b"}, {"path": "dist/docs/interfaces/HtmlTrait.html", "contentEncoding": "identity", "contentType": "text/html", "hash": "35f173f59798f991d5e55745293f13cf"}, {"path": "dist/docs/interfaces/LoggerTrait.html", "contentEncoding": "identity", "contentType": "text/html", "hash": "2c6378c043c9d618e40f389bf18ee2af"}, {"path": "dist/docs/classes/Contracts.Unresolved.html", "contentEncoding": "identity", "contentType": "text/html", "hash": "a32f257fc6b706a6ddfb5ad4b29f7a0d"}, {"path": "dist/docs/classes/Projects.ProjectSummaryView.html", "contentEncoding": "identity", "contentType": "text/html", "hash": "ef09dfd4bd304d56f4b00d510d94ab51"}, {"path": "dist/docs/classes/Projects.Environment.html", "contentEncoding": "identity", "contentType": "text/html", "hash": "01007005a725e2367c4b01ab7618f69e"}, {"path": "dist/docs/classes/Configurations.JsCode.html", "contentEncoding": "identity", "contentType": "text/html", "hash": "22ef583194532f19ead653f5a797588d"}, {"path": "dist/docs/classes/Connections.Connection.html", "contentEncoding": "identity", "contentType": "text/html", "hash": "a9a2f70a664ad12ef5949d56b0c392ab"}, {"path": "dist/docs/classes/Deployers.InnerObservablesPool.html", "contentEncoding": "identity", "contentType": "text/html", "hash": "e7260edc611feb967f328e4594a9c6c3"}, {"path": "dist/docs/classes/Configurations.Any.html", "contentEncoding": "identity", "contentType": "text/html", "hash": "6a8044f33a7380831f57eb8a5fbe542d"}, {"path": "dist/docs/classes/Projects.ProjectState.html", "contentEncoding": "identity", "contentType": "text/html", "hash": "9ffb40023c6e09194ddbe93b4caa8613"}, {"path": "dist/docs/classes/Deployers.InstancePoolWorker.html", "contentEncoding": "identity", "contentType": "text/html", "hash": "99ab74691aebc827ac9416c82e8f991c"}, {"path": "dist/docs/classes/Configurations.String.html", "contentEncoding": "identity", "contentType": "text/html", "hash": "21590063033e64b8c9778238180d6faf"}, {"path": "dist/docs/classes/Modules.Implementation.html", "contentEncoding": "identity", "contentType": "text/html", "hash": "cb0075264ec74475ad4af135d657f7e5"}, {"path": "dist/docs/classes/Configurations.Integer.html", "contentEncoding": "identity", "contentType": "text/html", "hash": "ee07a0f8a5d6c424cb637bb50922ab7a"}, {"path": "dist/docs/classes/Configurations.AnyObject.html", "contentEncoding": "identity", "contentType": "text/html", "hash": "7201407f3bec1c5382880c0e2414f418"}, {"path": "dist/docs/classes/Configurations.Boolean.html", "contentEncoding": "identity", "contentType": "text/html", "hash": "3114f280767aff2a678a21f88ec413d4"}, {"path": "dist/docs/classes/Modules.Module.html", "contentEncoding": "identity", "contentType": "text/html", "hash": "18909c3300513f58326c1d3950a4aaaa"}, {"path": "dist/docs/classes/Projects.JsCell.html", "contentEncoding": "identity", "contentType": "text/html", "hash": "2c84a84d48f68bd84ac1a9d08174f0ea"}, {"path": "dist/docs/classes/Contracts.Fulfilled.html", "contentEncoding": "identity", "contentType": "text/html", "hash": "71c6677acadb88258ce8a3ab238483a0"}, {"path": "dist/docs/classes/Projects.BatchCells.html", "contentEncoding": "identity", "contentType": "text/html", "hash": "0bf89f64419b6e7d8bba2bbd801f7906"}, {"path": "dist/docs/classes/Workflows.Layer.html", "contentEncoding": "identity", "contentType": "text/html", "hash": "969d31f0bd74985a1effbc5c99fe5221"}, {"path": "dist/docs/classes/Deployers.Inspector.html", "contentEncoding": "identity", "contentType": "text/html", "hash": "61e84671426d518e529a292ef01acfb6"}, {"path": "dist/docs/classes/Configurations.StringLiteral.html", "contentEncoding": "identity", "contentType": "text/html", "hash": "edfacc6ccdc329d4557812008bd25470"}, {"path": "dist/docs/classes/Contracts.Rejected.html", "contentEncoding": "identity", "contentType": "text/html", "hash": "c3e1c4c50943b8b21d57ab60c556bb37"}, {"path": "dist/docs/classes/Configurations.CustomAttribute.html", "contentEncoding": "identity", "contentType": "text/html", "hash": "99a6345dfa9f9d79a08aea22dd6b7e7f"}, {"path": "dist/docs/classes/Modules.OutputSlot.html", "contentEncoding": "identity", "contentType": "text/html", "hash": "28703aea699af52980efa8ace223e33c"}, {"path": "dist/docs/classes/Deployers.InstancePool.html", "contentEncoding": "identity", "contentType": "text/html", "hash": "aceb49682d8ea56d53ece7b3a40d6f02"}, {"path": "dist/docs/classes/Configurations.Float.html", "contentEncoding": "identity", "contentType": "text/html", "hash": "7c0d54ea99ef9157f27ade77cf050e40"}, {"path": "dist/docs/classes/ExecutionJournal.html", "contentEncoding": "identity", "contentType": "text/html", "hash": "9ff2bf6a052bedf893c5150575227408"}, {"path": "dist/docs/classes/Modules.InputSlot.html", "contentEncoding": "identity", "contentType": "text/html", "hash": "077e746fe4cc572723be312310487dfd"}, {"path": "dist/docs/variables/Deployers.NotAvailableMessage_.html", "contentEncoding": "identity", "contentType": "text/html", "hash": "e9f48dda96ad217a1517f3bc5f25711f"}, {"path": "dist/docs/variables/Contracts.ofUnknown.html", "contentEncoding": "identity", "contentType": "text/html", "hash": "7b3ec4b88fd787fbdb996a958972e6aa"}, {"path": "dist/docs/variables/Deployers.NotAvailableMessage.html", "contentEncoding": "identity", "contentType": "text/html", "hash": "a26cb31234d47cd16aa9bebe7347d5cb"}, {"path": "dist/docs/variables/Macros.macroToolbox.html", "contentEncoding": "identity", "contentType": "text/html", "hash": "aa18c1cf0a3081cc60a2e4c3f5c9c7c6"}, {"path": "dist/docs/variables/Projects.basePathDoc.html", "contentEncoding": "identity", "contentType": "text/html", "hash": "0908dd4d82c0c085afffeef74081db23"}, {"path": "dist/docs/variables/Projects.defaultViewsFactory.html", "contentEncoding": "identity", "contentType": "text/html", "hash": "c79b3e233a0fc138f3a38c8e6d3e8b95"}, {"path": "dist/docs/variables/setup.html", "contentEncoding": "identity", "contentType": "text/html", "hash": "5834c1fd38395d434722052a691b3a14"}, {"path": "dist/docs/variables/Projects.customModulesToolbox.html", "contentEncoding": "identity", "contentType": "text/html", "hash": "94784ddcc5d4882bf1dc4f3c7e88105c"}, {"path": "dist/docs/variables/Macros.defaultMacroConfig.html", "contentEncoding": "identity", "contentType": "text/html", "hash": "b45058af25e65772ed46d9f3bb3f2773"}, {"path": "coverage/coverage-final.json", "contentEncoding": "identity", "contentType": "application/json", "hash": "86b7cd19c844ae11d7c83fc72194344e"}, {"path": "coverage/clover.xml", "contentEncoding": "identity", "contentType": "application/octet-stream", "hash": "4c37a7ae1c0aaa0840cba8e0436567b1"}, {"path": "coverage/lcov.info", "contentEncoding": "identity", "contentType": "application/octet-stream", "hash": "3a5bb8ca37863fcc52c2118efda5ca5a"}, {"path": "coverage/lcov-report/block-navigation.js", "contentEncoding": "br", "contentType": "application/javascript;charset=UTF-8", "hash": "e3e16775ec854aa3ef7fadd09056943c"}, {"path": "coverage/lcov-report/prettify.css", "contentEncoding": "br", "contentType": "text/css", "hash": "31f0c9da5ac09f2563cab46ebc6e445a"}, {"path": "coverage/lcov-report/prettify.js", "contentEncoding": "br", "contentType": "application/javascript;charset=UTF-8", "hash": "6051903a2f7363ee232a01bd32f60b6a"}, {"path": "coverage/lcov-report/base.css", "contentEncoding": "br", "contentType": "text/css", "hash": "899ea8483c28270ca7835460bdd4da33"}, {"path": "coverage/lcov-report/sort-arrow-sprite.png", "contentEncoding": "identity", "contentType": "image/png", "hash": "fd08a5625d21e34b1d6d9c026f2728a9"}, {"path": "coverage/lcov-report/favicon.png", "contentEncoding": "identity", "contentType": "image/png", "hash": "8c814a46f24208d0bc459bb2cf8b7b88"}, {"path": "coverage/lcov-report/sorter.js", "contentEncoding": "br", "contentType": "application/javascript;charset=UTF-8", "hash": "24cab317b3dc4f1852a276d6152ac6fe"}, {"path": "coverage/lcov-report/index.html", "contentEncoding": "identity", "contentType": "text/html", "hash": "b9763eeb8fa2da61e0dc7c10fdb66394"}, {"path": "coverage/lcov-report/lib/index.ts.html", "contentEncoding": "identity", "contentType": "text/html", "hash": "b94b4c0576992b01e0e0a6f5ebc18ab4"}, {"path": "coverage/lcov-report/lib/environment.ts.html", "contentEncoding": "identity", "contentType": "text/html", "hash": "73ebb545a7e03ad66ea792c1918c7107"}, {"path": "coverage/lcov-report/lib/index.html", "contentEncoding": "identity", "contentType": "text/html", "hash": "19369abd2955132397d797a24f26acac"}, {"path": "coverage/lcov-report/lib/contracts/contract.ts.html", "contentEncoding": "identity", "contentType": "text/html", "hash": "65a600cf09f4aa9bcd75519e80b20722"}, {"path": "coverage/lcov-report/lib/contracts/index.ts.html", "contentEncoding": "identity", "contentType": "text/html", "hash": "44611024d22a38dfd28df6c4a602212e"}, {"path": "coverage/lcov-report/lib/contracts/index.html", "contentEncoding": "identity", "contentType": "text/html", "hash": "aa48d3377d8a31ffb481d2894ee40bdb"}, {"path": "coverage/lcov-report/lib/macros/macro-workers.ts.html", "contentEncoding": "identity", "contentType": "text/html", "hash": "2dc09d78dfbb0dccf41b251080ddd8c4"}, {"path": "coverage/lcov-report/lib/macros/inner-observables-pool.ts.html", "contentEncoding": "identity", "contentType": "text/html", "hash": "7379e3bf5b8ca12dc9f621b57b728b94"}, {"path": "coverage/lcov-report/lib/macros/macros-pool-state.ts.html", "contentEncoding": "identity", "contentType": "text/html", "hash": "a2d5a55e884b6679e8c9837ef0b1e4ee"}, {"path": "coverage/lcov-report/lib/macros/macro.ts.html", "contentEncoding": "identity", "contentType": "text/html", "hash": "a15910c0d2dc3be59c24ac2f3a471496"}, {"path": "coverage/lcov-report/lib/macros/index.ts.html", "contentEncoding": "identity", "contentType": "text/html", "hash": "5ad91ed89a2b5fc9499c511ee99ab99d"}, {"path": "coverage/lcov-report/lib/macros/index.html", "contentEncoding": "identity", "contentType": "text/html", "hash": "edf3db0dbfa3cd2cd86d11b17ebde440"}, {"path": "coverage/lcov-report/lib/macros/inner-macros-pool.ts.html", "contentEncoding": "identity", "contentType": "text/html", "hash": "f6bffe25217f67858a10d3fb51423583"}, {"path": "coverage/lcov-report/lib/project/workers-pool.models.d.ts.html", "contentEncoding": "identity", "contentType": "text/html", "hash": "3bda739ca9206f212accbdc7a667315a"}, {"path": "coverage/lcov-report/lib/project/macro-workers.ts.html", "contentEncoding": "identity", "contentType": "text/html", "hash": "ac1391f078e83b71b4cc7a8e3a271309"}, {"path": "coverage/lcov-report/lib/project/inner-macro-pool.ts.html", "contentEncoding": "identity", "contentType": "text/html", "hash": "82743b35a4bc9377953a81a03f91078e"}, {"path": "coverage/lcov-report/lib/project/project.ts.html", "contentEncoding": "identity", "contentType": "text/html", "hash": "f9588e2cae549f176d5ecbb263fdb938"}, {"path": "coverage/lcov-report/lib/project/workflow.ts.html", "contentEncoding": "identity", "contentType": "text/html", "hash": "ddb748cbbd869a13e2a1d5f75ab18e80"}, {"path": "coverage/lcov-report/lib/project/macro.ts.html", "contentEncoding": "identity", "contentType": "text/html", "hash": "ca642229b008354084a33095da2ed912"}, {"path": "coverage/lcov-report/lib/project/instance-pool.ts.html", "contentEncoding": "identity", "contentType": "text/html", "hash": "7e7b8b81e11ee7646d7718cc307a9ac9"}, {"path": "coverage/lcov-report/lib/project/parsing-utils.ts.html", "contentEncoding": "identity", "contentType": "text/html", "hash": "f621854bd44025be0b35c7d478f37d61"}, {"path": "coverage/lcov-report/lib/project/models.ts.html", "contentEncoding": "identity", "contentType": "text/html", "hash": "c5243cb86b5fb120407894bb535de64f"}, {"path": "coverage/lcov-report/lib/project/workers-pool.models.ts.html", "contentEncoding": "identity", "contentType": "text/html", "hash": "b7f2f187aba2207197a0ebbe81548abb"}, {"path": "coverage/lcov-report/lib/project/index.ts.html", "contentEncoding": "identity", "contentType": "text/html", "hash": "4a194d08f7275b9eebcc16b7128f6af8"}, {"path": "coverage/lcov-report/lib/project/project-cell.ts.html", "contentEncoding": "identity", "contentType": "text/html", "hash": "8f6b57874868c22d0b685e75da68dbf5"}, {"path": "coverage/lcov-report/lib/project/environment.ts.html", "contentEncoding": "identity", "contentType": "text/html", "hash": "31126218694d028a93684e43b9d2493b"}, {"path": "coverage/lcov-report/lib/project/index.html", "contentEncoding": "identity", "contentType": "text/html", "hash": "1abf800948f2c892ad9108cd32512efc"}, {"path": "coverage/lcov-report/lib/project/views.ts.html", "contentEncoding": "identity", "contentType": "text/html", "hash": "230f6960d836985533ce604f8b0f335f"}, {"path": "coverage/lcov-report/lib/project/inner-macros-pool.ts.html", "contentEncoding": "identity", "contentType": "text/html", "hash": "441b79670600ac5add1f56e13bc5fb3f"}, {"path": "coverage/lcov-report/lib/configurations/traits.ts.html", "contentEncoding": "identity", "contentType": "text/html", "hash": "c3e2dcf1b68cfc03a32de2c740c65240"}, {"path": "coverage/lcov-report/lib/configurations/configuration.ts.html", "contentEncoding": "identity", "contentType": "text/html", "hash": "bd71a8f7198ecd68c6e811adc0cd2ad0"}, {"path": "coverage/lcov-report/lib/configurations/index.ts.html", "contentEncoding": "identity", "contentType": "text/html", "hash": "8003af318701f72d9dcc7446680a70f4"}, {"path": "coverage/lcov-report/lib/configurations/index.html", "contentEncoding": "identity", "contentType": "text/html", "hash": "f8d672390f55af8a120275c44115723c"}, {"path": "coverage/lcov-report/lib/configurations/attributes.ts.html", "contentEncoding": "identity", "contentType": "text/html", "hash": "3f1b6381f86e2afff911db871b102c57"}, {"path": "coverage/lcov-report/lib/common/utils.ts.html", "contentEncoding": "identity", "contentType": "text/html", "hash": "5d51398b2bca0eb3cd683fa9da860196"}, {"path": "coverage/lcov-report/lib/common/types-domain.ts.html", "contentEncoding": "identity", "contentType": "text/html", "hash": "12ded047b78396cb151ca3a019dd5a90"}, {"path": "coverage/lcov-report/lib/common/traits.ts.html", "contentEncoding": "identity", "contentType": "text/html", "hash": "18eea985249bc21dda2bf738632352fd"}, {"path": "coverage/lcov-report/lib/common/journal.ts.html", "contentEncoding": "identity", "contentType": "text/html", "hash": "a10fb0523e287e64384df4f204ed6c0d"}, {"path": "coverage/lcov-report/lib/common/types.ts.html", "contentEncoding": "identity", "contentType": "text/html", "hash": "c19f477d952db6ac4c6d6b8568deb196"}, {"path": "coverage/lcov-report/lib/common/index.ts.html", "contentEncoding": "identity", "contentType": "text/html", "hash": "06c1aa1a7a6a0b4674abefe5acb9b8c4"}, {"path": "coverage/lcov-report/lib/common/index.html", "contentEncoding": "identity", "contentType": "text/html", "hash": "03a253cfd4a32dcf191a3c711943d3b1"}, {"path": "coverage/lcov-report/lib/modules/module.ts.html", "contentEncoding": "identity", "contentType": "text/html", "hash": "906a557520b0cd01dd8d23865e94eeef"}, {"path": "coverage/lcov-report/lib/modules/traits.ts.html", "contentEncoding": "identity", "contentType": "text/html", "hash": "e31749c780a9bb1a622fea655ad1492b"}, {"path": "coverage/lcov-report/lib/modules/connection.ts.html", "contentEncoding": "identity", "contentType": "text/html", "hash": "05405be929a49a13d33c17e97639d867"}, {"path": "coverage/lcov-report/lib/modules/index.ts.html", "contentEncoding": "identity", "contentType": "text/html", "hash": "b1db276e7a344c6673e8352a2adb6cc3"}, {"path": "coverage/lcov-report/lib/modules/index.html", "contentEncoding": "identity", "contentType": "text/html", "hash": "72fc4d37c1612d2e0a122aa42f4efe08"}, {"path": "coverage/lcov-report/lib/modules/attributes.ts.html", "contentEncoding": "identity", "contentType": "text/html", "hash": "17b8ec93e29cc1e9a3a54ba603906b41"}, {"path": "coverage/lcov-report/lib/modules/connector.ts.html", "contentEncoding": "identity", "contentType": "text/html", "hash": "668eb414748e01f7ce6aa0ded0d409c2"}, {"path": "coverage/lcov-report/lib/connections/connection.ts.html", "contentEncoding": "identity", "contentType": "text/html", "hash": "3bf9065bb9adee4fc24fd73497183b0d"}, {"path": "coverage/lcov-report/lib/connections/index.ts.html", "contentEncoding": "identity", "contentType": "text/html", "hash": "660ecad55f6c9a11e83bdb105034eca5"}, {"path": "coverage/lcov-report/lib/connections/index.html", "contentEncoding": "identity", "contentType": "text/html", "hash": "f7cad77cde36bafc6487500540b2dad1"}, {"path": "coverage/lcov-report/lib/workflows/layer.ts.html", "contentEncoding": "identity", "contentType": "text/html", "hash": "657ccd1452c627aa944b266d1e74bd4b"}, {"path": "coverage/lcov-report/lib/workflows/workflow.ts.html", "contentEncoding": "identity", "contentType": "text/html", "hash": "49dcc68cc7524ffd577a9b9e7c7dbe6e"}, {"path": "coverage/lcov-report/lib/workflows/index.ts.html", "contentEncoding": "identity", "contentType": "text/html", "hash": "e682db7551ce77e3c64ab9f270e2935a"}, {"path": "coverage/lcov-report/lib/workflows/index.html", "contentEncoding": "identity", "contentType": "text/html", "hash": "20176a400e6aa6138fbefca51578d8c0"}, {"path": "coverage/lcov-report/lib/deployers/utils.ts.html", "contentEncoding": "identity", "contentType": "text/html", "hash": "5a0d2a0b1b9ab875166448733484d9be"}, {"path": "coverage/lcov-report/lib/deployers/instance-pool-worker.ts.html", "contentEncoding": "identity", "contentType": "text/html", "hash": "8b1690bb24aad9722dc19a3d5fb7188d"}, {"path": "coverage/lcov-report/lib/deployers/inner-observables-pool.ts.html", "contentEncoding": "identity", "contentType": "text/html", "hash": "797f9e58af8b400635be2b269e1d0273"}, {"path": "coverage/lcov-report/lib/deployers/instance-pool.ts.html", "contentEncoding": "identity", "contentType": "text/html", "hash": "3b048b577140058d9bb465652b712546"}, {"path": "coverage/lcov-report/lib/deployers/models.ts.html", "contentEncoding": "identity", "contentType": "text/html", "hash": "f8a747dc7af7c64155a7099031c25115"}, {"path": "coverage/lcov-report/lib/deployers/in-worker.ts.html", "contentEncoding": "identity", "contentType": "text/html", "hash": "c61eef6d6d43c3b1f57e8dc6d5002b7a"}, {"path": "coverage/lcov-report/lib/deployers/index.ts.html", "contentEncoding": "identity", "contentType": "text/html", "hash": "318ef0b3a11e05835d7b53283744e475"}, {"path": "coverage/lcov-report/lib/deployers/index.html", "contentEncoding": "identity", "contentType": "text/html", "hash": "09d9efad1a24537a33458348e3143fdd"}, {"path": "coverage/lcov-report/lib/project/workers/utils.ts.html", "contentEncoding": "identity", "contentType": "text/html", "hash": "0578bd5496960bc055dfc2b6bff1e24d"}, {"path": "coverage/lcov-report/lib/project/workers/macro-workers.ts.html", "contentEncoding": "identity", "contentType": "text/html", "hash": "f43cd4572a54b4ee8a503b96d5b3372f"}, {"path": "coverage/lcov-report/lib/project/workers/instance-pool-worker.ts.html", "contentEncoding": "identity", "contentType": "text/html", "hash": "d2257e293f632371f9c50865a3529f62"}, {"path": "coverage/lcov-report/lib/project/workers/models.ts.html", "contentEncoding": "identity", "contentType": "text/html", "hash": "dc8d5eb9174c627a0616075bdaee9cc3"}, {"path": "coverage/lcov-report/lib/project/workers/in-worker.ts.html", "contentEncoding": "identity", "contentType": "text/html", "hash": "4df8b7356e1eb8ace4dc1ef1f77709f7"}, {"path": "coverage/lcov-report/lib/project/workers/index.ts.html", "contentEncoding": "identity", "contentType": "text/html", "hash": "758b3e0bbe4f6597dd0f5887935abe6e"}, {"path": "coverage/lcov-report/lib/project/workers/index.html", "contentEncoding": "identity", "contentType": "text/html", "hash": "5e914723865cc0d11209b150351f234e"}, {"path": "coverage/lcov-report/lib/common/configurations/configuration.ts.html", "contentEncoding": "identity", "contentType": "text/html", "hash": "a07d0aa114664dfc2c55bbf98c0d8873"}, {"path": "coverage/lcov-report/lib/common/configurations/index.ts.html", "contentEncoding": "identity", "contentType": "text/html", "hash": "d06f4f30d49f2a80a272c4456a27b51a"}, {"path": "coverage/lcov-report/lib/common/configurations/index.html", "contentEncoding": "identity", "contentType": "text/html", "hash": "6aeb99087ed73a64f0184f6b7a81023b"}, {"path": "coverage/lcov-report/lib/common/configurations/attributes.ts.html", "contentEncoding": "identity", "contentType": "text/html", "hash": "904d5957b7f5acdc88f9657581223c29"}, {"path": "coverage/lcov-report/lib/modules/configurations/configuration.ts.html", "contentEncoding": "identity", "contentType": "text/html", "hash": "5487c130e038e45cf6a30829a221c88a"}, {"path": "coverage/lcov-report/lib/modules/configurations/index.ts.html", "contentEncoding": "identity", "contentType": "text/html", "hash": "f031cf203ba67f5eb20c99217a248441"}, {"path": "coverage/lcov-report/lib/modules/configurations/index.html", "contentEncoding": "identity", "contentType": "text/html", "hash": "c9697e9038b8a4416839b119ab80772a"}, {"path": "coverage/lcov-report/lib/modules/configurations/attributes.ts.html", "contentEncoding": "identity", "contentType": "text/html", "hash": "775253b6dcb29fd849915e29f82be68d"}, {"path": "coverage/lcov-report/lib/modules/IOs/slot.ts.html", "contentEncoding": "identity", "contentType": "text/html", "hash": "34c84a4a79b31c89e9df7a44e9bb8f8d"}, {"path": "coverage/lcov-report/lib/modules/IOs/contract.ts.html", "contentEncoding": "identity", "contentType": "text/html", "hash": "b789dec207768001beafa2472b468d78"}, {"path": "coverage/lcov-report/lib/modules/IOs/index.ts.html", "contentEncoding": "identity", "contentType": "text/html", "hash": "f819ba5df61365cc856c2241e2dc68d4"}, {"path": "coverage/lcov-report/lib/modules/IOs/index.html", "contentEncoding": "identity", "contentType": "text/html", "hash": "af35cea4979534795516a6675c15968e"}]}