{"date": "2024-07-30T11:09:26.885071", "ywVersion": "0.1.12.dev", "files": [{"path": "package.json", "contentEncoding": "identity", "contentType": "application/json", "hash": "c3582ac6813539488d012b71d9364c3e"}, {"path": "dist/webpack.config.d.ts", "contentEncoding": "identity", "contentType": "application/octet-stream", "hash": "7d1d390bf2a3052b887909ca262405df"}, {"path": "dist/bundle-analysis.html", "contentEncoding": "identity", "contentType": "text/html", "hash": "4020fd0c98af3c64bf20c92c50e07a30"}, {"path": "dist/jest.config.d.ts", "contentEncoding": "identity", "contentType": "application/octet-stream", "hash": "2f0aa004b15580a7bcb1fafdae112d27"}, {"path": "dist/rx-vdom-config.d.ts", "contentEncoding": "identity", "contentType": "application/octet-stream", "hash": "9802d08a55ab751dd118382e440b1ae4"}, {"path": "src/index.ts", "contentEncoding": "identity", "contentType": "application/octet-stream", "hash": "2c376c50680d168362d70409da235f2a"}, {"path": "src/auto-generated.ts", "contentEncoding": "identity", "contentType": "application/octet-stream", "hash": "e42a0c6cf46872a1a81670fcbf15c597"}, {"path": "dist/@youwol/vsf-core.js", "contentEncoding": "br", "contentType": "application/javascript;charset=UTF-8", "hash": "60b69bb7c8c0aa4221ff9d6b9313608d"}, {"path": "dist/@youwol/vsf-core.js.map", "contentEncoding": "br", "contentType": "application/javascript;charset=UTF-8", "hash": "1d34b7862c961a4c1ff3adf2764a5ad2"}, {"path": "dist/src/index.d.ts", "contentEncoding": "identity", "contentType": "application/octet-stream", "hash": "233fa10ad970f8492de4a7ee58b9669e"}, {"path": "dist/src/auto-generated.d.ts", "contentEncoding": "identity", "contentType": "application/octet-stream", "hash": "25ce7395685a9b5729deeaa21ffb2f7d"}, {"path": "dist/src/lib/index.d.ts", "contentEncoding": "identity", "contentType": "application/octet-stream", "hash": "a237bce837e309c7f4a6db2b828a0d76"}, {"path": "dist/src/tests/test.utils.d.ts", "contentEncoding": "identity", "contentType": "application/octet-stream", "hash": "ff13f26b48625f648167fd52ea525b9f"}, {"path": "dist/src/tests/mock-requests.d.ts", "contentEncoding": "identity", "contentType": "application/octet-stream", "hash": "f6eb17fc136db20ec9d470f25d43b51b"}, {"path": "dist/src/tests/configuration.test.d.ts", "contentEncoding": "identity", "contentType": "application/octet-stream", "hash": "e2ebd7ddedcadeeadbf819c35985c768"}, {"path": "dist/src/tests/workers.test.d.ts", "contentEncoding": "identity", "contentType": "application/octet-stream", "hash": "e2ebd7ddedcadeeadbf819c35985c768"}, {"path": "dist/src/tests/types.test.d.ts", "contentEncoding": "identity", "contentType": "application/octet-stream", "hash": "e2ebd7ddedcadeeadbf819c35985c768"}, {"path": "dist/src/tests/errors.test.d.ts", "contentEncoding": "identity", "contentType": "application/octet-stream", "hash": "e2ebd7ddedcadeeadbf819c35985c768"}, {"path": "dist/src/tests/macros-pool-state.test.d.ts", "contentEncoding": "identity", "contentType": "application/octet-stream", "hash": "e2ebd7ddedcadeeadbf819c35985c768"}, {"path": "dist/src/tests/project-parse.test.d.ts", "contentEncoding": "identity", "contentType": "application/octet-stream", "hash": "e2ebd7ddedcadeeadbf819c35985c768"}, {"path": "dist/src/tests/execution.test.d.ts", "contentEncoding": "identity", "contentType": "application/octet-stream", "hash": "e2ebd7ddedcadeeadbf819c35985c768"}, {"path": "dist/src/tests/project-cell.test.d.ts", "contentEncoding": "identity", "contentType": "application/octet-stream", "hash": "e2ebd7ddedcadeeadbf819c35985c768"}, {"path": "dist/src/tests/project-layers.test.d.ts", "contentEncoding": "identity", "contentType": "application/octet-stream", "hash": "e2ebd7ddedcadeeadbf819c35985c768"}, {"path": "dist/src/tests/environment.test.d.ts", "contentEncoding": "identity", "contentType": "application/octet-stream", "hash": "e2ebd7ddedcadeeadbf819c35985c768"}, {"path": "dist/src/tests/macro.test.d.ts", "contentEncoding": "identity", "contentType": "application/octet-stream", "hash": "e2ebd7ddedcadeeadbf819c35985c768"}, {"path": "dist/src/tests/toolbox.d.ts", "contentEncoding": "identity", "contentType": "application/octet-stream", "hash": "9cb22af365ab96aa29321235f48fd833"}, {"path": "dist/src/tests/layer.test.d.ts", "contentEncoding": "identity", "contentType": "application/octet-stream", "hash": "e2ebd7ddedcadeeadbf819c35985c768"}, {"path": "dist/src/tests/views.test.d.ts", "contentEncoding": "identity", "contentType": "application/octet-stream", "hash": "e2ebd7ddedcadeeadbf819c35985c768"}, {"path": "dist/src/tests/connection.test.d.ts", "contentEncoding": "identity", "contentType": "application/octet-stream", "hash": "e2ebd7ddedcadeeadbf819c35985c768"}, {"path": "dist/src/tests/attributes.test.d.ts", "contentEncoding": "identity", "contentType": "application/octet-stream", "hash": "e2ebd7ddedcadeeadbf819c35985c768"}, {"path": "dist/src/tests/workers.module.test.d.ts", "contentEncoding": "identity", "contentType": "application/octet-stream", "hash": "e2ebd7ddedcadeeadbf819c35985c768"}, {"path": "dist/src/tests/contract.test.d.ts", "contentEncoding": "identity", "contentType": "application/octet-stream", "hash": "4e7e33f4a1c47f0c9a5583fcd54db22d"}, {"path": "dist/src/tests/modules.test.d.ts", "contentEncoding": "identity", "contentType": "application/octet-stream", "hash": "e2ebd7ddedcadeeadbf819c35985c768"}, {"path": "dist/src/lib/contracts/contract.d.ts", "contentEncoding": "identity", "contentType": "application/octet-stream", "hash": "b3cba0982cab74b424ac7181d79940ad"}, {"path": "dist/src/lib/contracts/index.d.ts", "contentEncoding": "identity", "contentType": "application/octet-stream", "hash": "c2d61a1a1f2e08dbc05ba7b95fe5638c"}, {"path": "dist/src/lib/macros/macro.d.ts", "contentEncoding": "identity", "contentType": "application/octet-stream", "hash": "2a3205c29aad0613a2427f8de4c22c54"}, {"path": "dist/src/lib/macros/index.d.ts", "contentEncoding": "identity", "contentType": "application/octet-stream", "hash": "5556cf211d55d19b1c047df3c493c198"}, {"path": "dist/src/lib/macros/macro-workers.d.ts", "contentEncoding": "identity", "contentType": "application/octet-stream", "hash": "407cda71250ddfa507d4570ade6ec12a"}, {"path": "dist/src/lib/project/project.d.ts", "contentEncoding": "identity", "contentType": "application/octet-stream", "hash": "77fe6ff3e33e789e6a9ef629cfdb9c4a"}, {"path": "dist/src/lib/project/project-cell.d.ts", "contentEncoding": "identity", "contentType": "application/octet-stream", "hash": "c8372b6af35aff58ab0c20fe336a902b"}, {"path": "dist/src/lib/project/views.d.ts", "contentEncoding": "identity", "contentType": "application/octet-stream", "hash": "9d2959f7f1269541333f91c2f48297b2"}, {"path": "dist/src/lib/project/parsing-utils.d.ts", "contentEncoding": "identity", "contentType": "application/octet-stream", "hash": "e56a73f7e4ce70ca5daf66f3451902a7"}, {"path": "dist/src/lib/project/environment.d.ts", "contentEncoding": "identity", "contentType": "application/octet-stream", "hash": "79811cf2968c7aab46da7b927688038d"}, {"path": "dist/src/lib/project/index.d.ts", "contentEncoding": "identity", "contentType": "application/octet-stream", "hash": "2f9f65461d8b77ebf7972c4a7acc8a2d"}, {"path": "dist/src/lib/project/models.d.ts", "contentEncoding": "identity", "contentType": "application/octet-stream", "hash": "0fd91d8e2cd07d693aa8331c2fd4feca"}, {"path": "dist/src/lib/configurations/configuration.d.ts", "contentEncoding": "identity", "contentType": "application/octet-stream", "hash": "df7195498a81efaf23d565100ede1e58"}, {"path": "dist/src/lib/configurations/attributes.d.ts", "contentEncoding": "identity", "contentType": "application/octet-stream", "hash": "2a484ae08f74846a521f5d0785c2621b"}, {"path": "dist/src/lib/configurations/traits.d.ts", "contentEncoding": "identity", "contentType": "application/octet-stream", "hash": "d23784bc1cf98c131f84f3ddf4d3f8d1"}, {"path": "dist/src/lib/configurations/index.d.ts", "contentEncoding": "identity", "contentType": "application/octet-stream", "hash": "b79e829c9a50fda9cba97638c1e2d623"}, {"path": "dist/src/lib/common/types.d.ts", "contentEncoding": "identity", "contentType": "application/octet-stream", "hash": "d13a96141a45ffd44d8394a82c415fd3"}, {"path": "dist/src/lib/common/utils.d.ts", "contentEncoding": "identity", "contentType": "application/octet-stream", "hash": "fbf4b51beeb64e7d6c5eeee52d8450ab"}, {"path": "dist/src/lib/common/types-domain.d.ts", "contentEncoding": "identity", "contentType": "application/octet-stream", "hash": "399a74e24329aeb3069e127112fc7163"}, {"path": "dist/src/lib/common/traits.d.ts", "contentEncoding": "identity", "contentType": "application/octet-stream", "hash": "761cf9a8a69d5e07466a72327e5e6aca"}, {"path": "dist/src/lib/common/index.d.ts", "contentEncoding": "identity", "contentType": "application/octet-stream", "hash": "e7fc42a93161b25c977e77ec322ec979"}, {"path": "dist/src/lib/common/journal.d.ts", "contentEncoding": "identity", "contentType": "application/octet-stream", "hash": "bf6a5cfcd917ea9f07db5ea7ac627c9c"}, {"path": "dist/src/lib/modules/attributes.d.ts", "contentEncoding": "identity", "contentType": "application/octet-stream", "hash": "96a18066160f38911d1bf94290854189"}, {"path": "dist/src/lib/modules/module.d.ts", "contentEncoding": "identity", "contentType": "application/octet-stream", "hash": "f20033204113d84031fbb8e64aaf0244"}, {"path": "dist/src/lib/modules/connector.d.ts", "contentEncoding": "identity", "contentType": "application/octet-stream", "hash": "3d94f19495861a4e0a731e8024d65e33"}, {"path": "dist/src/lib/modules/traits.d.ts", "contentEncoding": "identity", "contentType": "application/octet-stream", "hash": "4c33e648a3eebeed1758af68ab7136c7"}, {"path": "dist/src/lib/modules/index.d.ts", "contentEncoding": "identity", "contentType": "application/octet-stream", "hash": "a687ebb507129628a407cebc81af630c"}, {"path": "dist/src/lib/connections/connection.d.ts", "contentEncoding": "identity", "contentType": "application/octet-stream", "hash": "458c40509488de698e0ece6fa6727555"}, {"path": "dist/src/lib/connections/index.d.ts", "contentEncoding": "identity", "contentType": "application/octet-stream", "hash": "221f2cf52e1cbbcdddbfcab2aecdefbf"}, {"path": "dist/src/lib/workflows/layer.d.ts", "contentEncoding": "identity", "contentType": "application/octet-stream", "hash": "4260920668cccbe1bad494d4bc657a3d"}, {"path": "dist/src/lib/workflows/index.d.ts", "contentEncoding": "identity", "contentType": "application/octet-stream", "hash": "23e15bcf184bfb8deb4aa0f3cca926a3"}, {"path": "dist/src/lib/deployers/utils.d.ts", "contentEncoding": "identity", "contentType": "application/octet-stream", "hash": "bfff3589349e6a9f3514f00d7ca01072"}, {"path": "dist/src/lib/deployers/in-worker.d.ts", "contentEncoding": "identity", "contentType": "application/octet-stream", "hash": "d3352d25b206be2f92963316c2179a0c"}, {"path": "dist/src/lib/deployers/instance-pool.d.ts", "contentEncoding": "identity", "contentType": "application/octet-stream", "hash": "1d8b6f81f811fbbc109327b560815289"}, {"path": "dist/src/lib/deployers/inner-observables-pool.d.ts", "contentEncoding": "identity", "contentType": "application/octet-stream", "hash": "73dab17b4d918e1107d9267aeab9744a"}, {"path": "dist/src/lib/deployers/instance-pool-worker.d.ts", "contentEncoding": "identity", "contentType": "application/octet-stream", "hash": "f2901bba2b644121f39557e9825872e0"}, {"path": "dist/src/lib/deployers/index.d.ts", "contentEncoding": "identity", "contentType": "application/octet-stream", "hash": "a9013592e9ff8fd77ae9865219337902"}, {"path": "dist/src/lib/deployers/models.d.ts", "contentEncoding": "identity", "contentType": "application/octet-stream", "hash": "cb12bdf805b5a6ccd91c41c1e68f1846"}, {"path": "dist/src/lib/modules/IOs/slot.d.ts", "contentEncoding": "identity", "contentType": "application/octet-stream", "hash": "34d7b58735285d5333caffb35c5ec06a"}, {"path": "dist/src/lib/modules/IOs/index.d.ts", "contentEncoding": "identity", "contentType": "application/octet-stream", "hash": "ba2f23f917299f1fe4a0b9b2096d38c5"}, {"path": "dist/src/tests/modules-implementation/console.module.d.ts", "contentEncoding": "identity", "contentType": "application/octet-stream", "hash": "eb93eef4624c87f3662e1c24e18de887"}, {"path": "dist/src/tests/modules-implementation/take.module.d.ts", "contentEncoding": "identity", "contentType": "application/octet-stream", "hash": "fe2cc18b86a3a8b0f5c5571765c6fa7f"}, {"path": "dist/src/tests/modules-implementation/map.module.d.ts", "contentEncoding": "identity", "contentType": "application/octet-stream", "hash": "ab43e0ea9de47b827a49ae490bd88d24"}, {"path": "dist/src/tests/modules-implementation/filter.module.d.ts", "contentEncoding": "identity", "contentType": "application/octet-stream", "hash": "73937b300c0caa975287641be623a450"}, {"path": "dist/src/tests/modules-implementation/delay-when.module.d.ts", "contentEncoding": "identity", "contentType": "application/octet-stream", "hash": "b6b5073d3a3c9e6e240d7aaed8af6f5d"}, {"path": "dist/src/tests/modules-implementation/of.module.d.ts", "contentEncoding": "identity", "contentType": "application/octet-stream", "hash": "13a77ec2cd1f9a02bc0eb3ee21e5bddb"}, {"path": "dist/src/tests/modules-implementation/plot.module.d.ts", "contentEncoding": "identity", "contentType": "application/octet-stream", "hash": "258ae708f150645a5b0acb3eb8272831"}, {"path": "dist/src/tests/modules-implementation/merge-map.module.d.ts", "contentEncoding": "identity", "contentType": "application/octet-stream", "hash": "01c9ea8520e95db77e6b42116f5e539f"}, {"path": "dist/src/tests/modules-implementation/sphere.module.d.ts", "contentEncoding": "identity", "contentType": "application/octet-stream", "hash": "10f86cb646f22ea3766c202db55c7198"}, {"path": "dist/src/tests/modules-implementation/timer.module.d.ts", "contentEncoding": "identity", "contentType": "application/octet-stream", "hash": "a0e84fff2a8edbd366f59f701c4eac48"}, {"path": "dist/src/tests/modules-implementation/delay.module.d.ts", "contentEncoding": "identity", "contentType": "application/octet-stream", "hash": "7cbd4f80cc4f4e3c9ef14da2f0f63fe2"}, {"path": "dist/src/tests/modules-implementation/common.d.ts", "contentEncoding": "identity", "contentType": "application/octet-stream", "hash": "9592ef62ac08f486a75d3c0a203c5f0c"}, {"path": "dist/src/tests/modules-implementation/combine-latest.module.d.ts", "contentEncoding": "identity", "contentType": "application/octet-stream", "hash": "9671a9d6e65bf5c177938b38a77884db"}, {"path": "src/lib/index.ts", "contentEncoding": "identity", "contentType": "application/octet-stream", "hash": "7bd8c8df08e87fcf7f5e6d4d46bd81b1"}, {"path": "src/lib/contracts/index.ts", "contentEncoding": "identity", "contentType": "application/octet-stream", "hash": "b3e2c4078c625c9e404a4494121803f1"}, {"path": "src/lib/contracts/contract.ts", "contentEncoding": "identity", "contentType": "application/octet-stream", "hash": "25a295e82972daf32d29c3fd075e0ce0"}, {"path": "src/lib/macros/index.ts", "contentEncoding": "identity", "contentType": "application/octet-stream", "hash": "508b50dd65a35b683639bed6c97b1ef0"}, {"path": "src/lib/macros/macro-workers.ts", "contentEncoding": "identity", "contentType": "application/octet-stream", "hash": "f0f13fb27edf16570a5f2144bae34d00"}, {"path": "src/lib/macros/macro.ts", "contentEncoding": "identity", "contentType": "application/octet-stream", "hash": "318dd7e20c34b497d0dd2656c6ba8ec1"}, {"path": "src/lib/project/index.ts", "contentEncoding": "identity", "contentType": "application/octet-stream", "hash": "25ecbc45c21113d11e09f42bb93bdfdd"}, {"path": "src/lib/project/project.ts", "contentEncoding": "identity", "contentType": "application/octet-stream", "hash": "0448889b25072e18b1ad7124cddef693"}, {"path": "src/lib/project/models.ts", "contentEncoding": "identity", "contentType": "application/octet-stream", "hash": "2a7b820c7dea96c49e03e9eb9195052a"}, {"path": "src/lib/project/parsing-utils.ts", "contentEncoding": "identity", "contentType": "application/octet-stream", "hash": "6d4854f1a77faf1b58180ee16fb09edd"}, {"path": "src/lib/project/project-cell.ts", "contentEncoding": "identity", "contentType": "application/octet-stream", "hash": "c5e409d6b9ceb51b88ebc8c08769f498"}, {"path": "src/lib/project/views.ts", "contentEncoding": "identity", "contentType": "application/octet-stream", "hash": "8a0ffb49f6628e737ddc3da8fc068cc5"}, {"path": "src/lib/project/environment.ts", "contentEncoding": "identity", "contentType": "application/octet-stream", "hash": "ff7d7cfd705caf63004946e78751a581"}, {"path": "src/lib/configurations/index.ts", "contentEncoding": "identity", "contentType": "application/octet-stream", "hash": "c406d0497392dedb1440f454ebdfd09a"}, {"path": "src/lib/configurations/attributes.ts", "contentEncoding": "identity", "contentType": "application/octet-stream", "hash": "91ef0fa955859087c087a30fa5c21c59"}, {"path": "src/lib/configurations/configuration.ts", "contentEncoding": "identity", "contentType": "application/octet-stream", "hash": "a47e08742db4339748261ace5524b580"}, {"path": "src/lib/configurations/traits.ts", "contentEncoding": "identity", "contentType": "application/octet-stream", "hash": "8af323ff709f1f091e1bf3714e2bd3c0"}, {"path": "src/lib/common/index.ts", "contentEncoding": "identity", "contentType": "application/octet-stream", "hash": "950d8d9a6c971e1a4b901ae57d7456b1"}, {"path": "src/lib/common/types.ts", "contentEncoding": "identity", "contentType": "application/octet-stream", "hash": "d9e45afce97503f7f019c444b998fbaf"}, {"path": "src/lib/common/types-domain.ts", "contentEncoding": "identity", "contentType": "application/octet-stream", "hash": "9deb02f5423890690a18338ff36bdc98"}, {"path": "src/lib/common/traits.ts", "contentEncoding": "identity", "contentType": "application/octet-stream", "hash": "8344deac6b703369e96af3af40847468"}, {"path": "src/lib/common/journal.ts", "contentEncoding": "identity", "contentType": "application/octet-stream", "hash": "2c187484b6cd5f265b33d3abaaceb715"}, {"path": "src/lib/common/utils.ts", "contentEncoding": "identity", "contentType": "application/octet-stream", "hash": "517f4b87b5d99d259b16dccd573c78c2"}, {"path": "src/lib/modules/index.ts", "contentEncoding": "identity", "contentType": "application/octet-stream", "hash": "1ac0e7a636206505eafa54af3b27f8ae"}, {"path": "src/lib/modules/attributes.ts", "contentEncoding": "identity", "contentType": "application/octet-stream", "hash": "9acde91eddd72f8eb79e2922072fe67e"}, {"path": "src/lib/modules/traits.ts", "contentEncoding": "identity", "contentType": "application/octet-stream", "hash": "674cf7f9e0e1ed126dfaec7bd3d63c4b"}, {"path": "src/lib/modules/connector.ts", "contentEncoding": "identity", "contentType": "application/octet-stream", "hash": "5f403d6726e4b50929d311f469b35d50"}, {"path": "src/lib/modules/module.ts", "contentEncoding": "identity", "contentType": "application/octet-stream", "hash": "d7f1a31217d0eaeaf616b303b722a1b7"}, {"path": "src/lib/connections/index.ts", "contentEncoding": "identity", "contentType": "application/octet-stream", "hash": "71c632f09847f91313ca73113be404f6"}, {"path": "src/lib/connections/connection.ts", "contentEncoding": "identity", "contentType": "application/octet-stream", "hash": "e5316c07dc95d6dfcee7089fc4420c78"}, {"path": "src/lib/workflows/index.ts", "contentEncoding": "identity", "contentType": "application/octet-stream", "hash": "5c5f236d42229059663469cd8e768a39"}, {"path": "src/lib/workflows/layer.ts", "contentEncoding": "identity", "contentType": "application/octet-stream", "hash": "b95054f577900505144c22ef27bd3bbe"}, {"path": "src/lib/deployers/index.ts", "contentEncoding": "identity", "contentType": "application/octet-stream", "hash": "1972637ab6f12790e53a5f8eaa46b3b2"}, {"path": "src/lib/deployers/models.ts", "contentEncoding": "identity", "contentType": "application/octet-stream", "hash": "b96de52dd2e5dd914cbd2b4e65f25210"}, {"path": "src/lib/deployers/instance-pool-worker.ts", "contentEncoding": "identity", "contentType": "application/octet-stream", "hash": "679dfc0ca384e6d36ec7f4ddc576b699"}, {"path": "src/lib/deployers/instance-pool.ts", "contentEncoding": "identity", "contentType": "application/octet-stream", "hash": "7a7c4045ea728fe269bc1a865a71b20d"}, {"path": "src/lib/deployers/inner-observables-pool.ts", "contentEncoding": "identity", "contentType": "application/octet-stream", "hash": "9f6a71621848f95355c10d010856ad27"}, {"path": "src/lib/deployers/in-worker.ts", "contentEncoding": "identity", "contentType": "application/octet-stream", "hash": "4cab350b73a8479ec64f85cca0884403"}, {"path": "src/lib/deployers/utils.ts", "contentEncoding": "identity", "contentType": "application/octet-stream", "hash": "c6340eebb3fa5c2595f9e71f0848079a"}, {"path": "src/lib/modules/IOs/index.ts", "contentEncoding": "identity", "contentType": "application/octet-stream", "hash": "e55d3919adb7313e4aab36ecc2d2f4ac"}, {"path": "src/lib/modules/IOs/slot.ts", "contentEncoding": "identity", "contentType": "application/octet-stream", "hash": "507632eb0b7c02c5cbd826406fbe4bd3"}, {"path": "dist/docs/hierarchy.html", "contentEncoding": "identity", "contentType": "text/html", "hash": "766f39a8087b0cc9fc0d9f87275e25d6"}, {"path": "dist/docs/.nojekyll", "contentEncoding": "identity", "contentType": "application/octet-stream", "hash": "527ed13d9651065487492991875c804a"}, {"path": "dist/docs/index.html", "contentEncoding": "identity", "contentType": "text/html", "hash": "884d3637cd7bff7d5da46e24f3a4115b"}, {"path": "dist/docs/modules.html", "contentEncoding": "identity", "contentType": "text/html", "hash": "174ed5ead99c34eb9063d117dca771d7"}, {"path": "dist/docs/types/Macros.MacroDeclaration.html", "contentEncoding": "identity", "contentType": "text/html", "hash": "c8f253b2828456350ae2399bea91feb6"}, {"path": "dist/docs/types/ImmutableObj.html", "contentEncoding": "identity", "contentType": "text/html", "hash": "3da4624069d83d3df16fced5a2f1c9d4"}, {"path": "dist/docs/types/Connections.AnyJson.html", "contentEncoding": "identity", "contentType": "text/html", "hash": "647b56d2a7ba1ed15b2cc2ada8e59517"}, {"path": "dist/docs/types/Deployers.ImplementationProxy.html", "contentEncoding": "identity", "contentType": "text/html", "hash": "a5bf781142a78028c7e0d29f0317fc84"}, {"path": "dist/docs/types/Deployers.ConnectionDescriberFromWorker.html", "contentEncoding": "identity", "contentType": "text/html", "hash": "dffb41bf6a8f78ccf3ced8e5d9ca81b9"}, {"path": "dist/docs/types/Modules.OutputMessage.html", "contentEncoding": "identity", "contentType": "text/html", "hash": "2feb326b4462bba5cfe6ee1401d986e1"}, {"path": "dist/docs/types/Deployers.VsfInnerObservable.html", "contentEncoding": "identity", "contentType": "text/html", "hash": "a68d5337155d6db9cdc7d972551f7701"}, {"path": "dist/docs/types/Projects.LibrariesStore.html", "contentEncoding": "identity", "contentType": "text/html", "hash": "fe6c430750d4beedfdfb2f1d7a916814"}, {"path": "dist/docs/types/Modules.SchemaModuleBase.html", "contentEncoding": "identity", "contentType": "text/html", "hash": "b540a7638ceb47990292e86ea777998b"}, {"path": "dist/docs/types/Deployers.Chart.html", "contentEncoding": "identity", "contentType": "text/html", "hash": "53ec2f5aba5c0eb5d4411e224f3d6d8c"}, {"path": "dist/docs/types/Deployers.ProbeMessageFromWorker.html", "contentEncoding": "identity", "contentType": "text/html", "hash": "fd1dab65f2761dd79c1f258dd5ecd3cd"}, {"path": "dist/docs/types/Modules.ProcessingMessage.html", "contentEncoding": "identity", "contentType": "text/html", "hash": "75ac00d64dff48846ab217ac7538f896"}, {"path": "dist/docs/types/Connections.ConnectableTrait.html", "contentEncoding": "identity", "contentType": "text/html", "hash": "e51c2772b609079436299e79855b75c8"}, {"path": "dist/docs/types/Connections.JsonMap.html", "contentEncoding": "identity", "contentType": "text/html", "hash": "b56b67874d66a814f0eb3a22cb7baafb"}, {"path": "dist/docs/types/Projects.MacroConfiguration.html", "contentEncoding": "identity", "contentType": "text/html", "hash": "2c9f97c4a7e79e56d6a1efc4701b7123"}, {"path": "dist/docs/types/Deployers.Version.html", "contentEncoding": "identity", "contentType": "text/html", "hash": "93335a141a724af73d91d588c6925945"}, {"path": "dist/docs/types/Projects.ProjectView.html", "contentEncoding": "identity", "contentType": "text/html", "hash": "90aa523693e8b35fe5b5579096208aec"}, {"path": "dist/docs/types/Deployers.ReadyMessage.html", "contentEncoding": "identity", "contentType": "text/html", "hash": "bf5c1eaa9eabca51b4adca7a5cd453a7"}, {"path": "dist/docs/types/Projects.RunningWorksheet.html", "contentEncoding": "identity", "contentType": "text/html", "hash": "4ea97724a45960eecf845a8ac1e087f5"}, {"path": "dist/docs/types/Deployers.InputClosed.html", "contentEncoding": "identity", "contentType": "text/html", "hash": "0ed75e21d186aee7c6981a08b1380ba9"}, {"path": "dist/docs/types/Modules.OutputsReturn.html", "contentEncoding": "identity", "contentType": "text/html", "hash": "b50e600349db8676b3ade92e28636899"}, {"path": "dist/docs/types/Deployers.OnInnerPoolEventArgs.html", "contentEncoding": "identity", "contentType": "text/html", "hash": "a45e5733f15b09ef86dd30f3a4da8696"}, {"path": "dist/docs/types/Deployers.InputMessage.html", "contentEncoding": "identity", "contentType": "text/html", "hash": "0a3ab9d6f9b49651c3c60385adc9e7b5"}, {"path": "dist/docs/types/Deployers.ConnectionsHint.html", "contentEncoding": "identity", "contentType": "text/html", "hash": "0f4a35a241f0fbc08c1ddb8d077353ae"}, {"path": "dist/docs/types/Modules.ModuleModel.html", "contentEncoding": "identity", "contentType": "text/html", "hash": "440928f3832d70acd00163113e661d8e"}, {"path": "dist/docs/types/Modules.OutputMapperArg.html", "contentEncoding": "identity", "contentType": "text/html", "hash": "d7355bb5347ed46986810a411658d2df"}, {"path": "dist/docs/types/Modules.InputMessage.html", "contentEncoding": "identity", "contentType": "text/html", "hash": "ffcea0b1f8b5c8499fe7dbc6dc7fc946"}, {"path": "dist/docs/types/Projects.MacroConfigMapper.html", "contentEncoding": "identity", "contentType": "text/html", "hash": "56b0b4c142b1f9e58366f4cc42fdce5a"}, {"path": "dist/docs/types/Modules.SchemaModule.html", "contentEncoding": "identity", "contentType": "text/html", "hash": "3a14119ce71e98855bc7989ce482de68"}, {"path": "dist/docs/types/Projects.Flowchart.html", "contentEncoding": "identity", "contentType": "text/html", "hash": "e275a5b482f4dddd7d9f088089018491"}, {"path": "dist/docs/types/Macros.MacroModel.html", "contentEncoding": "identity", "contentType": "text/html", "hash": "ae161e20b77169b40fdfd506c2468f5f"}, {"path": "dist/docs/types/Workflows.WorkflowModel.html", "contentEncoding": "identity", "contentType": "text/html", "hash": "0fcbcc0e3aa0e7975491b09c3cef84b9"}, {"path": "dist/docs/types/Projects.HtmlView.html", "contentEncoding": "identity", "contentType": "text/html", "hash": "42dc4d9da720ec616e035bc6b0b3aa88"}, {"path": "dist/docs/types/Modules.OverrideType.html", "contentEncoding": "identity", "contentType": "text/html", "hash": "f847bd7115a15b837ed39a77ddf1c410"}, {"path": "dist/docs/types/Immutable_.html", "contentEncoding": "identity", "contentType": "text/html", "hash": "4607d0b66911c6e33e1dd58341565798"}, {"path": "dist/docs/types/KeysAsUnion.html", "contentEncoding": "identity", "contentType": "text/html", "hash": "9d9d72dd1ab74dd7b54fa6fab0379e1e"}, {"path": "dist/docs/types/Projects.MacroAPI.html", "contentEncoding": "identity", "contentType": "text/html", "hash": "9caa90f532197ed8cdcc0ef9071f1932"}, {"path": "dist/docs/types/Connections.UserContext.html", "contentEncoding": "identity", "contentType": "text/html", "hash": "41bc673572d417cbeb8c2c73409dacaf"}, {"path": "dist/docs/types/Configurations.Schema.html", "contentEncoding": "identity", "contentType": "text/html", "hash": "fc1478ecdb0ecc20a2e6d425aa6f73cf"}, {"path": "dist/docs/types/ToolBox.html", "contentEncoding": "identity", "contentType": "text/html", "hash": "69f49d2ef7e5a99f3db04f8165a7b9a4"}, {"path": "dist/docs/types/Modules.OutputsMapper.html", "contentEncoding": "identity", "contentType": "text/html", "hash": "664719b09b35ace0e93f7abf05b75e6f"}, {"path": "dist/docs/types/Modules.GetGenericObservable.html", "contentEncoding": "identity", "contentType": "text/html", "hash": "baa6c547cb9c26e2bcd8363c3a3914c8"}, {"path": "dist/docs/types/Projects.FlowchartLayer.html", "contentEncoding": "identity", "contentType": "text/html", "hash": "8d05058cbec736ea1ef3fa5ba6b91723"}, {"path": "dist/docs/types/Projects.ModuleAttributes.html", "contentEncoding": "identity", "contentType": "text/html", "hash": "268b14f702c0747e63cf880a2cf414f1"}, {"path": "dist/docs/types/Deployers.ProbeMessageId.html", "contentEncoding": "identity", "contentType": "text/html", "hash": "e4ada952efe4dfbf39a989d877483dd6"}, {"path": "dist/docs/types/Deployers.ProbeMessageIdKeys.html", "contentEncoding": "identity", "contentType": "text/html", "hash": "5ae6899afa8bbb383c2323b69acbe363"}, {"path": "dist/docs/types/Connections.ConnectionTrait.html", "contentEncoding": "identity", "contentType": "text/html", "hash": "182bb35723c658d0b23a431ce8596af3"}, {"path": "dist/docs/types/Modules.Declaration.html", "contentEncoding": "identity", "contentType": "text/html", "hash": "3d8773f383bb0d90313a1d15878d005d"}, {"path": "dist/docs/types/Projects.Workflow.html", "contentEncoding": "identity", "contentType": "text/html", "hash": "ac5fb86b39f71f4ae0643d87f72e2d04"}, {"path": "dist/docs/types/Connections.ConnectionModel.html", "contentEncoding": "identity", "contentType": "text/html", "hash": "15a2161e71b75408aa3d95bd86b0f983"}, {"path": "dist/docs/types/Projects.FlowchartAnnotation.html", "contentEncoding": "identity", "contentType": "text/html", "hash": "baa02b0b82519a28717a08b95222938e"}, {"path": "dist/docs/types/Modules.GetGenericInput.html", "contentEncoding": "identity", "contentType": "text/html", "hash": "5aa0cf600635af7e1d4b9d68d9731472"}, {"path": "dist/docs/types/Configurations.ConfigInstance.html", "contentEncoding": "identity", "contentType": "text/html", "hash": "fa95960f781a2b768859c6e13d5e6687"}, {"path": "dist/docs/types/Modules.UserArgs.html", "contentEncoding": "identity", "contentType": "text/html", "hash": "9dcd6ed9ccdf3724a96656db535a0fb3"}, {"path": "dist/docs/types/WorkersPoolInstance.html", "contentEncoding": "identity", "contentType": "text/html", "hash": "8f479601218df6c55e88224398b970f6"}, {"path": "dist/docs/types/Projects.ProjectElements.html", "contentEncoding": "identity", "contentType": "text/html", "hash": "27511756d9a6546dcfb028815e89cdd4"}, {"path": "dist/docs/types/Deployers.Probe.html", "contentEncoding": "identity", "contentType": "text/html", "hash": "caa10dfa93279623f3b43ba8071e8281"}, {"path": "dist/docs/types/Deployers.ConnectionProxy.html", "contentEncoding": "identity", "contentType": "text/html", "hash": "ebee92afbafe2b6c3494191fd1aecd3c"}, {"path": "dist/docs/types/Deployers.WorkerEnvironmentTrait.html", "contentEncoding": "identity", "contentType": "text/html", "hash": "16c1a06b9d0aa7b00d7a355b206e3fda"}, {"path": "dist/docs/types/Connections.Adaptor.html", "contentEncoding": "identity", "contentType": "text/html", "hash": "0d3a964b3a4ab6dc0c5df763e765380b"}, {"path": "dist/docs/types/Modules.InputsMap.html", "contentEncoding": "identity", "contentType": "text/html", "hash": "25cc088338bb6b2a8a2a50574aa91481"}, {"path": "dist/docs/types/Deployers.WorkerProcessTrait.html", "contentEncoding": "identity", "contentType": "text/html", "hash": "9cae97af5b7a9db2e31a169eba84728c"}, {"path": "dist/docs/types/Modules.WithModuleBaseSchema.html", "contentEncoding": "identity", "contentType": "text/html", "hash": "69136f9ebd8b9a4a64944602d8f39f6e"}, {"path": "dist/docs/types/Connections.JsonArray.html", "contentEncoding": "identity", "contentType": "text/html", "hash": "1815f76eabc85943c726c75224423dc7"}, {"path": "dist/docs/types/Projects.ProjectsStore.html", "contentEncoding": "identity", "contentType": "text/html", "hash": "7766edbfb3e47cfa731b29817896bf29"}, {"path": "dist/docs/types/Modules.ImplementationTrait.html", "contentEncoding": "identity", "contentType": "text/html", "hash": "c2a45b986169962c4129e3f1207061f2"}, {"path": "dist/docs/types/Deployers.StopSignal.html", "contentEncoding": "identity", "contentType": "text/html", "hash": "72766126721d3ee60bc99d048702d502"}, {"path": "dist/docs/types/Connections.Message.html", "contentEncoding": "identity", "contentType": "text/html", "hash": "19f9f3fa6501911f718d15062d783f1c"}, {"path": "dist/docs/types/Deployers.DeployChart.html", "contentEncoding": "identity", "contentType": "text/html", "hash": "57a87bbf84bb5e52e3b878212a38623f"}, {"path": "dist/docs/types/EnvironmentTrait.html", "contentEncoding": "identity", "contentType": "text/html", "hash": "908bda971ba01796d6a35602c3653084"}, {"path": "dist/docs/types/Projects.Macro.html", "contentEncoding": "identity", "contentType": "text/html", "hash": "dbd3d74b8e470ffb70c5345288ac5f60"}, {"path": "dist/docs/types/Connections.ConnectionStatus.html", "contentEncoding": "identity", "contentType": "text/html", "hash": "ab21d0102f9bfde078690629b2fdd22d"}, {"path": "dist/docs/types/Projects.CellFunction.html", "contentEncoding": "identity", "contentType": "text/html", "hash": "52d8d62ae7cb3375de151d7032824aef"}, {"path": "dist/docs/types/Deployers.ModuleDescriberFromWorker.html", "contentEncoding": "identity", "contentType": "text/html", "hash": "41ac037b77891af9a925b2f98068d193"}, {"path": "dist/docs/types/Configurations.Configuration.html", "contentEncoding": "identity", "contentType": "text/html", "hash": "23431de23fa465b43f4036006e78c829"}, {"path": "dist/docs/types/Immutable.html", "contentEncoding": "identity", "contentType": "text/html", "hash": "b0357c84de949e24950dad7054175685"}, {"path": "dist/docs/types/WorkersPoolModel.html", "contentEncoding": "identity", "contentType": "text/html", "hash": "57b22cca692e3454fbcaebf0edfa5d0a"}, {"path": "dist/docs/types/Immutables.html", "contentEncoding": "identity", "contentType": "text/html", "hash": "e8ee938f9c0320ca7225dc6832ad8e71"}, {"path": "dist/docs/types/Deployers.InstancePoolDescriberFromWorker.html", "contentEncoding": "identity", "contentType": "text/html", "hash": "87dbab7ef70e0b0324561cc16e959803"}, {"path": "dist/docs/types/Modules.MessageContext.html", "contentEncoding": "identity", "contentType": "text/html", "hash": "f28ab615144c3ad1f8c71eab75628d98"}, {"path": "dist/docs/types/Modules.ForwardArgs.html", "contentEncoding": "identity", "contentType": "text/html", "hash": "7b87dec529570afdb35bbe85708d2913"}, {"path": "dist/docs/types/Projects.HtmlViewsStore.html", "contentEncoding": "identity", "contentType": "text/html", "hash": "34426323ed3b9a13d3f11044a84bac4d"}, {"path": "dist/docs/types/Projects.Worksheet.html", "contentEncoding": "identity", "contentType": "text/html", "hash": "3c45348d192ab6b13036f91bda4b00eb"}, {"path": "dist/docs/types/Macros.MacroApi.html", "contentEncoding": "identity", "contentType": "text/html", "hash": "a6f615cfe894b3830bd62a8f22f56f7a"}, {"path": "dist/docs/types/Modules.Input.html", "contentEncoding": "identity", "contentType": "text/html", "hash": "ed5ebe4a70817715f4282808ca51ebeb"}, {"path": "dist/docs/types/Projects.WorkersPool.html", "contentEncoding": "identity", "contentType": "text/html", "hash": "5cb6505af8571da6e6ab2236d914a6b5"}, {"path": "dist/docs/types/Deployers.OnInnerPoolEventEndArgs.html", "contentEncoding": "identity", "contentType": "text/html", "hash": "2c618f88ab9168bef6baa4bde7fbe9f1"}, {"path": "dist/docs/types/Macros.MacroSchema.html", "contentEncoding": "identity", "contentType": "text/html", "hash": "4bc1d7e2e24d51f0f4e1b5e50d8c0b3f"}, {"path": "dist/docs/types/Modules.Scope.html", "contentEncoding": "identity", "contentType": "text/html", "hash": "31294a7f26ba91f610426148093a1428"}, {"path": "dist/docs/types/WorkersPoolRunTime.html", "contentEncoding": "identity", "contentType": "text/html", "hash": "7a5f6fefee24e59a48521e5a9340f6cf"}, {"path": "dist/docs/types/Deployers.RuntimeNotification.html", "contentEncoding": "identity", "contentType": "text/html", "hash": "47f7f5f7d80aa5cbc336f2a7a3709b83"}, {"path": "dist/docs/functions/Modules.stringAttribute.html", "contentEncoding": "identity", "contentType": "text/html", "hash": "a286761a45715b2c0d15a6c32ed1666c"}, {"path": "dist/docs/functions/Contracts.some.html", "contentEncoding": "identity", "contentType": "text/html", "hash": "a9e7ee54c399ea6f69c4b99311f16015"}, {"path": "dist/docs/functions/Projects.insertCell.html", "contentEncoding": "identity", "contentType": "text/html", "hash": "9343c1122e591f744c6c95c1abd9eebb"}, {"path": "dist/docs/functions/Macros.macroInstance.html", "contentEncoding": "identity", "contentType": "text/html", "hash": "5c8f1c83552f2b2007e272b9e7d7d993"}, {"path": "dist/docs/functions/Deployers.moduleInstanceInWorker.html", "contentEncoding": "identity", "contentType": "text/html", "hash": "d79fe6f11524f304d2c2cc9c517377f2"}, {"path": "dist/docs/functions/Contracts.of.html", "contentEncoding": "identity", "contentType": "text/html", "hash": "7a46deab675f1c8b9a2b449fa5b986a5"}, {"path": "dist/docs/functions/Deployers.isInputRawMessageProbe.html", "contentEncoding": "identity", "contentType": "text/html", "hash": "cdd580b371a70d34cce1ccbc7320630f"}, {"path": "dist/docs/functions/Modules.mergeMessagesContext.html", "contentEncoding": "identity", "contentType": "text/html", "hash": "6512241b5e316a6ee27734a60135f84b"}, {"path": "dist/docs/functions/Contracts.attribute.html", "contentEncoding": "identity", "contentType": "text/html", "hash": "9b3b51f698ddc848f02d7a89e8752d85"}, {"path": "dist/docs/functions/Deployers.startWorkerShadowPool.html", "contentEncoding": "identity", "contentType": "text/html", "hash": "1c81a04bc94d0a0251fc7a0fab4e0e39"}, {"path": "dist/docs/functions/Deployers.implementsDeployerTrait.html", "contentEncoding": "identity", "contentType": "text/html", "hash": "04b9e1eb0233569fec4fd7fb6c937105"}, {"path": "dist/docs/functions/Projects.parseMacroInput.html", "contentEncoding": "identity", "contentType": "text/html", "hash": "290ec38416948b05ee13741d025a53ea"}, {"path": "dist/docs/functions/mergeWith.html", "contentEncoding": "identity", "contentType": "text/html", "hash": "5cfd4b92b09f1ddb7e543e0410a741d0"}, {"path": "dist/docs/functions/Modules.uuidv4.html", "contentEncoding": "identity", "contentType": "text/html", "hash": "5ebcf51fd3dc49b4b561aa464d28b203"}, {"path": "dist/docs/functions/Modules.floatAttribute.html", "contentEncoding": "identity", "contentType": "text/html", "hash": "63640dc4a4371cbedc65067b43492826"}, {"path": "dist/docs/functions/Modules.baseModuleSchemaDefaultInstance.html", "contentEncoding": "identity", "contentType": "text/html", "hash": "3defb208eba36618299dbf7ef1500509"}, {"path": "dist/docs/functions/Contracts.all.html", "contentEncoding": "identity", "contentType": "text/html", "hash": "c4a3573a083ead8c1cac28fa957a2dce"}, {"path": "dist/docs/functions/Contracts.instanceOf.html", "contentEncoding": "identity", "contentType": "text/html", "hash": "f7f39add72acba28491de802c29e4233"}, {"path": "dist/docs/functions/Modules.anyObjectAttribute.html", "contentEncoding": "identity", "contentType": "text/html", "hash": "77e5688a694f0bcb1d96a1d447b51e54"}, {"path": "dist/docs/functions/Deployers.isConnectionMessageProbe.html", "contentEncoding": "identity", "contentType": "text/html", "hash": "06acdaf66432c89aec4b134e30eb4c5d"}, {"path": "dist/docs/functions/Deployers.serializeChart.html", "contentEncoding": "identity", "contentType": "text/html", "hash": "01b55bce862a2f5df5ae756fd57fd74c"}, {"path": "dist/docs/functions/Projects.parseDag.html", "contentEncoding": "identity", "contentType": "text/html", "hash": "64862f42ed59f164644674307cfe579d"}, {"path": "dist/docs/functions/Modules.getOutputSlot.html", "contentEncoding": "identity", "contentType": "text/html", "hash": "ff73bc006ae601c0f53ac9e25af2f534"}, {"path": "dist/docs/functions/Modules.stringLiteralAttribute.html", "contentEncoding": "identity", "contentType": "text/html", "hash": "34e97f166df717524f5efb3171f3b31a"}, {"path": "dist/docs/functions/Deployers.emitRuntime.html", "contentEncoding": "identity", "contentType": "text/html", "hash": "2f039310714653672d81e50e173551ae"}, {"path": "dist/docs/functions/Deployers.createInstancePoolProxy.html", "contentEncoding": "identity", "contentType": "text/html", "hash": "2012a20904e27463652ce522abcc6075"}, {"path": "dist/docs/functions/Modules.booleanAttribute.html", "contentEncoding": "identity", "contentType": "text/html", "hash": "c59b6b2043a97d08dec2facfa37730e3"}, {"path": "dist/docs/functions/Contracts.free.html", "contentEncoding": "identity", "contentType": "text/html", "hash": "c5cb148a76e390aa339c4fabd26ae249"}, {"path": "dist/docs/functions/implementsHtmlTrait.html", "contentEncoding": "identity", "contentType": "text/html", "hash": "bfb9322549874192c1fc100f9e40a32d"}, {"path": "dist/docs/functions/Contracts.single.html", "contentEncoding": "identity", "contentType": "text/html", "hash": "3d2cd992a86380d96d8a311c9f903fc1"}, {"path": "dist/docs/functions/Modules.jsCodeAttribute.html", "contentEncoding": "br", "contentType": "text/html", "hash": "176cbcf1a17a67ff64d5d37db3f2d655"}, {"path": "dist/docs/functions/Modules.integerAttribute.html", "contentEncoding": "identity", "contentType": "text/html", "hash": "97a929045ce66034eaec4f228d5e947f"}, {"path": "dist/docs/functions/implementsDocumentationTrait.html", "contentEncoding": "identity", "contentType": "text/html", "hash": "d96c60a519321d032ea768ef6f97427e"}, {"path": "dist/docs/functions/Modules.anyAttribute.html", "contentEncoding": "identity", "contentType": "text/html", "hash": "767a71dff8309a9ae6bda1f03da981fe"}, {"path": "dist/docs/functions/Deployers.toClonable.html", "contentEncoding": "identity", "contentType": "text/html", "hash": "c882f12b6619ead70ff9293e3cef9f6b"}, {"path": "dist/docs/functions/Deployers.isOutputObservableProbe.html", "contentEncoding": "identity", "contentType": "text/html", "hash": "c1ba7fe360cce21487c81e8921c6a14c"}, {"path": "dist/docs/functions/Contracts.count.html", "contentEncoding": "identity", "contentType": "text/html", "hash": "5c12c4b26906e9a3430bdbd446da774a"}, {"path": "dist/docs/functions/Macros.createMacroInputs.html", "contentEncoding": "identity", "contentType": "text/html", "hash": "9b131ef454ac5b9b977920016991144c"}, {"path": "dist/docs/functions/Modules.makeAttribute.html", "contentEncoding": "identity", "contentType": "text/html", "hash": "cb05f2e42231998999c78f81f47088a6"}, {"path": "dist/docs/functions/Projects.installRxVDOM.html", "contentEncoding": "identity", "contentType": "text/html", "hash": "08612ab75e1e4efa2580b1991c720670"}, {"path": "dist/docs/functions/Modules.getInputSlot.html", "contentEncoding": "identity", "contentType": "text/html", "hash": "2ebf7cd9d9e7f18dc0c0f6cd90cf11c3"}, {"path": "dist/docs/functions/Workflows.emptyWorkflowModel.html", "contentEncoding": "identity", "contentType": "text/html", "hash": "d636795a2c405b6f19cb81699fa9d8f0"}, {"path": "dist/docs/functions/Contracts.any.html", "contentEncoding": "identity", "contentType": "text/html", "hash": "b6e0c022f8d09cf994930d659ef2b051"}, {"path": "dist/docs/functions/Projects.parseBranch.html", "contentEncoding": "identity", "contentType": "text/html", "hash": "5fb050949042e748fb638f468a01d2b7"}, {"path": "dist/docs/functions/Macros.createChart.html", "contentEncoding": "identity", "contentType": "text/html", "hash": "353f6511b072385af6297ef97324a61e"}, {"path": "dist/docs/functions/Deployers.isProbe.html", "contentEncoding": "identity", "contentType": "text/html", "hash": "a2ec7927bdb13e2248761064538ce47f"}, {"path": "dist/docs/functions/Contracts.optionals.html", "contentEncoding": "identity", "contentType": "text/html", "hash": "d5d5e194836c4ec7685222ec1a659bdc"}, {"path": "dist/docs/functions/Deployers.getProbes.html", "contentEncoding": "identity", "contentType": "text/html", "hash": "678b221ec54aca154539e34267c5478b"}, {"path": "dist/docs/functions/asMutable.html", "contentEncoding": "identity", "contentType": "text/html", "hash": "c8bcf7af8aa15a4a52c9a5f496aff59c"}, {"path": "dist/docs/functions/Deployers.transmitInputMessage.html", "contentEncoding": "identity", "contentType": "text/html", "hash": "f9d0db1038b8c848ee359263fbfcde6c"}, {"path": "dist/docs/functions/Macros.deployMacroInWorker.html", "contentEncoding": "identity", "contentType": "text/html", "hash": "d096fdd067696c13c7e8badbcbeaad01"}, {"path": "dist/docs/functions/Configurations.implementsConfigurableTrait.html", "contentEncoding": "identity", "contentType": "text/html", "hash": "31ce7d9c28d1aff01d7ddb20d5d4872b"}, {"path": "dist/docs/functions/Deployers.implementWorkerEnvironmentTrait.html", "contentEncoding": "identity", "contentType": "text/html", "hash": "be49e17eb1fc9818537cf83c6e8c2575"}, {"path": "dist/docs/functions/Deployers.implementWorkerProcessTrait.html", "contentEncoding": "identity", "contentType": "text/html", "hash": "7dafe4dba57c6e77da198cf03d19c7df"}, {"path": "dist/docs/functions/Contracts.contract.html", "contentEncoding": "identity", "contentType": "text/html", "hash": "3e59601d14f8ffbe7b8206a24a580a20"}, {"path": "dist/docs/functions/Projects.parseMacroOutput.html", "contentEncoding": "identity", "contentType": "text/html", "hash": "3f9b17ad8d98eb582020b97e725b8df9"}, {"path": "dist/docs/functions/Macros.createMacroOutputs.html", "contentEncoding": "identity", "contentType": "text/html", "hash": "4e0a72176a744fa8a8b6296bdaed7207"}, {"path": "dist/docs/functions/asImmutable.html", "contentEncoding": "identity", "contentType": "text/html", "hash": "910f3c4cdce4ca5d75dad6777332564b"}, {"path": "dist/docs/functions/Modules.customAttribute.html", "contentEncoding": "identity", "contentType": "text/html", "hash": "a13a7b12df1affb79fc5db0b4ea7f110"}, {"path": "dist/docs/functions/Deployers.transmitProbeToMainThread.html", "contentEncoding": "identity", "contentType": "text/html", "hash": "13569c3649c9d8d151f07302c3975ba2"}, {"path": "dist/docs/assets/icons.svg", "contentEncoding": "identity", "contentType": "image/svg+xml", "hash": "7cce830175ea8db295264c9afc375748"}, {"path": "dist/docs/assets/navigation.js", "contentEncoding": "br", "contentType": "application/javascript;charset=UTF-8", "hash": "807a6f9384a99a21bb921b8bfe741176"}, {"path": "dist/docs/assets/main.js", "contentEncoding": "br", "contentType": "application/javascript;charset=UTF-8", "hash": "5a28a3f9b2daeaed3688ee46f6587827"}, {"path": "dist/docs/assets/icons.js", "contentEncoding": "br", "contentType": "application/javascript;charset=UTF-8", "hash": "e320216755abec04d09e16127b4dcded"}, {"path": "dist/docs/assets/style.css", "contentEncoding": "br", "contentType": "text/css", "hash": "97d7775467bf0de7050b1a323a87ce46"}, {"path": "dist/docs/assets/highlight.css", "contentEncoding": "br", "contentType": "text/css", "hash": "f4602b481bbd0876db319b52a4be7c19"}, {"path": "dist/docs/assets/search.js", "contentEncoding": "br", "contentType": "application/javascript;charset=UTF-8", "hash": "b7723116f2d8454d36c86e0e315a2716"}, {"path": "dist/docs/modules/Modules.html", "contentEncoding": "identity", "contentType": "text/html", "hash": "d1fcbeaa2d27d22c24ae3254e78834d6"}, {"path": "dist/docs/modules/Macros.html", "contentEncoding": "identity", "contentType": "text/html", "hash": "b131e60a1d1622c9db359256f1da3f81"}, {"path": "dist/docs/modules/Contracts.html", "contentEncoding": "identity", "contentType": "text/html", "hash": "f045153d6e181f3bfba0f7e44252d196"}, {"path": "dist/docs/modules/Connections.html", "contentEncoding": "identity", "contentType": "text/html", "hash": "7cfc4ea32680af5c9c36f5c1f01a239f"}, {"path": "dist/docs/modules/Configurations.html", "contentEncoding": "identity", "contentType": "text/html", "hash": "032df04579cd35a4978001a29d53bda6"}, {"path": "dist/docs/modules/Projects.html", "contentEncoding": "identity", "contentType": "text/html", "hash": "83fdda8f59a066cc1b6bf2f83c8da3db"}, {"path": "dist/docs/modules/Workflows.html", "contentEncoding": "identity", "contentType": "text/html", "hash": "bb0e545e8e89ba6a29d5cc03f2eef29c"}, {"path": "dist/docs/modules/Deployers.html", "contentEncoding": "identity", "contentType": "text/html", "hash": "c2e714b9fcf914837efc774c263fc4a0"}, {"path": "dist/docs/interfaces/StatusTrait.html", "contentEncoding": "identity", "contentType": "text/html", "hash": "42275a22d23cb09e8a452d0efa768d1f"}, {"path": "dist/docs/interfaces/Contracts.ExpectationTrait.html", "contentEncoding": "identity", "contentType": "text/html", "hash": "8d3ce14d56b074c8f70496595a420979"}, {"path": "dist/docs/interfaces/DocumentationTrait.html", "contentEncoding": "identity", "contentType": "text/html", "hash": "b8cbb3b8b2f0d57a3baddaed088d9166"}, {"path": "dist/docs/interfaces/Projects.CellTrait.html", "contentEncoding": "identity", "contentType": "text/html", "hash": "e9dd7825133b04ca3f3dcb0cd21beb3d"}, {"path": "dist/docs/interfaces/CanvasTrait.html", "contentEncoding": "identity", "contentType": "text/html", "hash": "f1ca02577f5f12bf279be0c649ccd855"}, {"path": "dist/docs/interfaces/ToolboxObjectTrait.html", "contentEncoding": "identity", "contentType": "text/html", "hash": "be15b9d907fbfc1f768cbdad720fb1a2"}, {"path": "dist/docs/interfaces/Modules.SlotTrait.html", "contentEncoding": "identity", "contentType": "text/html", "hash": "03e6cc12b3eb8c8ff2274333f0d28f95"}, {"path": "dist/docs/interfaces/Configurations.AttributeTrait.html", "contentEncoding": "identity", "contentType": "text/html", "hash": "d4248dab76c72bd471af1295f57a2eb1"}, {"path": "dist/docs/interfaces/JournalTrait.html", "contentEncoding": "identity", "contentType": "text/html", "hash": "c8b4f676480abf2bade5878faccd53ff"}, {"path": "dist/docs/interfaces/Configurations.ConfigurableTrait.html", "contentEncoding": "identity", "contentType": "text/html", "hash": "efc0f29b5c39ddca18bbfcdf8f44621c"}, {"path": "dist/docs/interfaces/Modules.ApiTrait.html", "contentEncoding": "identity", "contentType": "text/html", "hash": "9ed0c3565edac98ada75ddae133ac002"}, {"path": "dist/docs/interfaces/UidTrait.html", "contentEncoding": "identity", "contentType": "text/html", "hash": "dc253d7c4f172d12cec1a890f64db484"}, {"path": "dist/docs/interfaces/InstallerTrait.html", "contentEncoding": "identity", "contentType": "text/html", "hash": "5aada2b600bd4ac65828f5a26468356b"}, {"path": "dist/docs/interfaces/Deployers.DeployerTrait.html", "contentEncoding": "identity", "contentType": "text/html", "hash": "cf443feb2d8fa05a460afab6619daed2"}, {"path": "dist/docs/interfaces/Contracts.Resolution.html", "contentEncoding": "identity", "contentType": "text/html", "hash": "ba64bbf3f093aea2594e1cb9c4c49378"}, {"path": "dist/docs/interfaces/HtmlTrait.html", "contentEncoding": "identity", "contentType": "text/html", "hash": "c701fcd3ea9f1a05478ca8f131ab8050"}, {"path": "dist/docs/interfaces/LoggerTrait.html", "contentEncoding": "identity", "contentType": "text/html", "hash": "1e800ed5f90f3f13d28c5283bb2b3d2b"}, {"path": "dist/docs/classes/Contracts.Unresolved.html", "contentEncoding": "identity", "contentType": "text/html", "hash": "987e54dcca3b8df2c0c744bb9b254bad"}, {"path": "dist/docs/classes/Projects.ProjectSummaryView.html", "contentEncoding": "identity", "contentType": "text/html", "hash": "80e92356f44dfbcdf59e373c874275f0"}, {"path": "dist/docs/classes/Projects.Environment.html", "contentEncoding": "identity", "contentType": "text/html", "hash": "bb772ff4ccfc70e78d319cc6564c3846"}, {"path": "dist/docs/classes/Configurations.JsCode.html", "contentEncoding": "identity", "contentType": "text/html", "hash": "96a4d0f81ca3b909a39c9c3243c35b9f"}, {"path": "dist/docs/classes/Connections.Connection.html", "contentEncoding": "identity", "contentType": "text/html", "hash": "0ea305034f421a690464abe5f1941363"}, {"path": "dist/docs/classes/Deployers.InnerObservablesPool.html", "contentEncoding": "identity", "contentType": "text/html", "hash": "c1b15f09c2f38175d6d02f46511602b7"}, {"path": "dist/docs/classes/Configurations.Any.html", "contentEncoding": "identity", "contentType": "text/html", "hash": "592ed237980ff69bfef8edf3fb5b211f"}, {"path": "dist/docs/classes/Projects.ProjectState.html", "contentEncoding": "identity", "contentType": "text/html", "hash": "0309fef4841a82b3fdda8103786fc58f"}, {"path": "dist/docs/classes/Deployers.InstancePoolWorker.html", "contentEncoding": "identity", "contentType": "text/html", "hash": "1dd56d38ba4649db6c1f40276dc11523"}, {"path": "dist/docs/classes/Configurations.String.html", "contentEncoding": "identity", "contentType": "text/html", "hash": "901054b66eb4c99cd54d4c9c45962d68"}, {"path": "dist/docs/classes/Modules.Implementation.html", "contentEncoding": "identity", "contentType": "text/html", "hash": "e077985d132e89a1d8c1ae4e57f3f2fb"}, {"path": "dist/docs/classes/Configurations.Integer.html", "contentEncoding": "identity", "contentType": "text/html", "hash": "5058f9352288f82d40f75cd8f15243a0"}, {"path": "dist/docs/classes/Configurations.AnyObject.html", "contentEncoding": "identity", "contentType": "text/html", "hash": "0e629b483bc47cce6613689ddbb90246"}, {"path": "dist/docs/classes/Configurations.Boolean.html", "contentEncoding": "identity", "contentType": "text/html", "hash": "bc6834c02b24be7d72257b7ceda247c0"}, {"path": "dist/docs/classes/Modules.Module.html", "contentEncoding": "identity", "contentType": "text/html", "hash": "6b94bec151edaf96fa3b369e3f3ac0d1"}, {"path": "dist/docs/classes/Projects.JsCell.html", "contentEncoding": "identity", "contentType": "text/html", "hash": "d9f6df2ed14486d03512baafa68d4bd0"}, {"path": "dist/docs/classes/Contracts.Fulfilled.html", "contentEncoding": "identity", "contentType": "text/html", "hash": "9a5db54d0345479bc108f73eafa90ee7"}, {"path": "dist/docs/classes/Projects.BatchCells.html", "contentEncoding": "identity", "contentType": "text/html", "hash": "ed7330f3468f0ea8f90d5fcf01a876fa"}, {"path": "dist/docs/classes/Workflows.Layer.html", "contentEncoding": "identity", "contentType": "text/html", "hash": "0ef5ce7fd37e4b1d79ee6ee31f4c914c"}, {"path": "dist/docs/classes/Deployers.Inspector.html", "contentEncoding": "identity", "contentType": "text/html", "hash": "61e1aeb3afc1f0a6be1eab8a5cfb9671"}, {"path": "dist/docs/classes/Configurations.StringLiteral.html", "contentEncoding": "identity", "contentType": "text/html", "hash": "d999e8f300f785b256f204973308d724"}, {"path": "dist/docs/classes/Contracts.Rejected.html", "contentEncoding": "identity", "contentType": "text/html", "hash": "d9fc7f4045ce47692bea2356f3af9172"}, {"path": "dist/docs/classes/Configurations.CustomAttribute.html", "contentEncoding": "identity", "contentType": "text/html", "hash": "fbb54e3ff11e731606932311bf0fa87b"}, {"path": "dist/docs/classes/Modules.OutputSlot.html", "contentEncoding": "identity", "contentType": "text/html", "hash": "1de5b8eca3c7e981cb5e89e772666f17"}, {"path": "dist/docs/classes/Deployers.InstancePool.html", "contentEncoding": "identity", "contentType": "text/html", "hash": "2cd81df4b780cf406ada8596e29589c8"}, {"path": "dist/docs/classes/Configurations.Float.html", "contentEncoding": "identity", "contentType": "text/html", "hash": "b4af9f23dfcd67dcd14161b3f54af034"}, {"path": "dist/docs/classes/ExecutionJournal.html", "contentEncoding": "identity", "contentType": "text/html", "hash": "725e5db96200d4ac12b964fa99de1d2d"}, {"path": "dist/docs/classes/Modules.InputSlot.html", "contentEncoding": "identity", "contentType": "text/html", "hash": "2b044046811ed22c862a208248652188"}, {"path": "dist/docs/variables/Deployers.NotAvailableMessage_.html", "contentEncoding": "identity", "contentType": "text/html", "hash": "6cf7fd9e3553aba3b9260ebceef753d3"}, {"path": "dist/docs/variables/Contracts.ofUnknown.html", "contentEncoding": "identity", "contentType": "text/html", "hash": "0ddcba257d98797bfd301d527f7d16ad"}, {"path": "dist/docs/variables/Deployers.NotAvailableMessage.html", "contentEncoding": "identity", "contentType": "text/html", "hash": "d100b65561ea3a04faaadcb648c5411a"}, {"path": "dist/docs/variables/Macros.macroToolbox.html", "contentEncoding": "identity", "contentType": "text/html", "hash": "0dad177612dbf279e681f571f6a5d5af"}, {"path": "dist/docs/variables/Projects.basePathDoc.html", "contentEncoding": "identity", "contentType": "text/html", "hash": "8ce6d89247325c4f81348509ccd973cd"}, {"path": "dist/docs/variables/Projects.defaultViewsFactory.html", "contentEncoding": "identity", "contentType": "text/html", "hash": "0ce0140f7b9e25fa792075227a089a82"}, {"path": "dist/docs/variables/setup.html", "contentEncoding": "identity", "contentType": "text/html", "hash": "f037c8490de370e0a575eef1134ab9c0"}, {"path": "dist/docs/variables/Projects.customModulesToolbox.html", "contentEncoding": "identity", "contentType": "text/html", "hash": "bd81f81692436e4a73fac84a468f90fc"}, {"path": "dist/docs/variables/Macros.defaultMacroConfig.html", "contentEncoding": "identity", "contentType": "text/html", "hash": "a205a822e0fa65b74beda8e03db9cd79"}, {"path": "coverage/coverage-final.json", "contentEncoding": "identity", "contentType": "application/json", "hash": "b876fb8724c3071788b50f8332bba813"}, {"path": "coverage/clover.xml", "contentEncoding": "identity", "contentType": "application/octet-stream", "hash": "246accd4640a30de9bdd1736144e62cd"}, {"path": "coverage/lcov.info", "contentEncoding": "identity", "contentType": "application/octet-stream", "hash": "dceab2a9ad52207009a0abbc48e15796"}, {"path": "coverage/lcov-report/block-navigation.js", "contentEncoding": "br", "contentType": "application/javascript;charset=UTF-8", "hash": "e3e16775ec854aa3ef7fadd09056943c"}, {"path": "coverage/lcov-report/prettify.css", "contentEncoding": "br", "contentType": "text/css", "hash": "31f0c9da5ac09f2563cab46ebc6e445a"}, {"path": "coverage/lcov-report/prettify.js", "contentEncoding": "br", "contentType": "application/javascript;charset=UTF-8", "hash": "6051903a2f7363ee232a01bd32f60b6a"}, {"path": "coverage/lcov-report/base.css", "contentEncoding": "br", "contentType": "text/css", "hash": "899ea8483c28270ca7835460bdd4da33"}, {"path": "coverage/lcov-report/sort-arrow-sprite.png", "contentEncoding": "identity", "contentType": "image/png", "hash": "fd08a5625d21e34b1d6d9c026f2728a9"}, {"path": "coverage/lcov-report/favicon.png", "contentEncoding": "identity", "contentType": "image/png", "hash": "8c814a46f24208d0bc459bb2cf8b7b88"}, {"path": "coverage/lcov-report/sorter.js", "contentEncoding": "br", "contentType": "application/javascript;charset=UTF-8", "hash": "24cab317b3dc4f1852a276d6152ac6fe"}, {"path": "coverage/lcov-report/index.html", "contentEncoding": "identity", "contentType": "text/html", "hash": "3d9a7ae7a70686f483d3ab8cb682e165"}, {"path": "coverage/lcov-report/lib/index.ts.html", "contentEncoding": "identity", "contentType": "text/html", "hash": "06f52890ddc91e84a81d212cae133c0c"}, {"path": "coverage/lcov-report/lib/environment.ts.html", "contentEncoding": "identity", "contentType": "text/html", "hash": "73ebb545a7e03ad66ea792c1918c7107"}, {"path": "coverage/lcov-report/lib/index.html", "contentEncoding": "identity", "contentType": "text/html", "hash": "a1c2c8edbf96b864e0709fe45cefd93f"}, {"path": "coverage/lcov-report/lib/contracts/contract.ts.html", "contentEncoding": "identity", "contentType": "text/html", "hash": "b366a8d9e1aa7324eaabe7acdf0acbd6"}, {"path": "coverage/lcov-report/lib/contracts/index.ts.html", "contentEncoding": "identity", "contentType": "text/html", "hash": "a3e021c074fade235336e38ab4c7ca2f"}, {"path": "coverage/lcov-report/lib/contracts/index.html", "contentEncoding": "identity", "contentType": "text/html", "hash": "b00d0849bca8da00a825bda730ab87ef"}, {"path": "coverage/lcov-report/lib/macros/macro-workers.ts.html", "contentEncoding": "identity", "contentType": "text/html", "hash": "8a6a46661677ae3136dd295a3819e4b3"}, {"path": "coverage/lcov-report/lib/macros/inner-observables-pool.ts.html", "contentEncoding": "identity", "contentType": "text/html", "hash": "7379e3bf5b8ca12dc9f621b57b728b94"}, {"path": "coverage/lcov-report/lib/macros/macros-pool-state.ts.html", "contentEncoding": "identity", "contentType": "text/html", "hash": "a2d5a55e884b6679e8c9837ef0b1e4ee"}, {"path": "coverage/lcov-report/lib/macros/macro.ts.html", "contentEncoding": "identity", "contentType": "text/html", "hash": "e1d112c4a99739d01d17b69b1e0efa40"}, {"path": "coverage/lcov-report/lib/macros/index.ts.html", "contentEncoding": "identity", "contentType": "text/html", "hash": "69a51c7ad319a9f6605aa4b978457dff"}, {"path": "coverage/lcov-report/lib/macros/index.html", "contentEncoding": "identity", "contentType": "text/html", "hash": "f4fa6f1242228c5b243563083d4ca53a"}, {"path": "coverage/lcov-report/lib/macros/inner-macros-pool.ts.html", "contentEncoding": "identity", "contentType": "text/html", "hash": "f6bffe25217f67858a10d3fb51423583"}, {"path": "coverage/lcov-report/lib/project/workers-pool.models.d.ts.html", "contentEncoding": "identity", "contentType": "text/html", "hash": "3bda739ca9206f212accbdc7a667315a"}, {"path": "coverage/lcov-report/lib/project/macro-workers.ts.html", "contentEncoding": "identity", "contentType": "text/html", "hash": "ac1391f078e83b71b4cc7a8e3a271309"}, {"path": "coverage/lcov-report/lib/project/inner-macro-pool.ts.html", "contentEncoding": "identity", "contentType": "text/html", "hash": "82743b35a4bc9377953a81a03f91078e"}, {"path": "coverage/lcov-report/lib/project/project.ts.html", "contentEncoding": "identity", "contentType": "text/html", "hash": "83c9bd304d9212e26946d90089b0b032"}, {"path": "coverage/lcov-report/lib/project/workflow.ts.html", "contentEncoding": "identity", "contentType": "text/html", "hash": "ddb748cbbd869a13e2a1d5f75ab18e80"}, {"path": "coverage/lcov-report/lib/project/macro.ts.html", "contentEncoding": "identity", "contentType": "text/html", "hash": "ca642229b008354084a33095da2ed912"}, {"path": "coverage/lcov-report/lib/project/instance-pool.ts.html", "contentEncoding": "identity", "contentType": "text/html", "hash": "7e7b8b81e11ee7646d7718cc307a9ac9"}, {"path": "coverage/lcov-report/lib/project/parsing-utils.ts.html", "contentEncoding": "identity", "contentType": "text/html", "hash": "7275eaa10864b1bae33bb0469d2a3613"}, {"path": "coverage/lcov-report/lib/project/models.ts.html", "contentEncoding": "identity", "contentType": "text/html", "hash": "7553561dc9482b2fdc41a726bad1697e"}, {"path": "coverage/lcov-report/lib/project/workers-pool.models.ts.html", "contentEncoding": "identity", "contentType": "text/html", "hash": "b7f2f187aba2207197a0ebbe81548abb"}, {"path": "coverage/lcov-report/lib/project/index.ts.html", "contentEncoding": "identity", "contentType": "text/html", "hash": "05d37a1a48cb011d6cd30d6fdd77720e"}, {"path": "coverage/lcov-report/lib/project/project-cell.ts.html", "contentEncoding": "identity", "contentType": "text/html", "hash": "e111ac1830e18a05d459d24e61a1476c"}, {"path": "coverage/lcov-report/lib/project/environment.ts.html", "contentEncoding": "identity", "contentType": "text/html", "hash": "d790adf66b859e5e0bcdb724d389b552"}, {"path": "coverage/lcov-report/lib/project/index.html", "contentEncoding": "identity", "contentType": "text/html", "hash": "484779c74c347f2ba70b75737f8ffc79"}, {"path": "coverage/lcov-report/lib/project/views.ts.html", "contentEncoding": "identity", "contentType": "text/html", "hash": "be09d3b92c0e2fcfb7914ffd05c6526a"}, {"path": "coverage/lcov-report/lib/project/inner-macros-pool.ts.html", "contentEncoding": "identity", "contentType": "text/html", "hash": "441b79670600ac5add1f56e13bc5fb3f"}, {"path": "coverage/lcov-report/lib/configurations/traits.ts.html", "contentEncoding": "identity", "contentType": "text/html", "hash": "c398b5e19b8845fee05e41250595df59"}, {"path": "coverage/lcov-report/lib/configurations/configuration.ts.html", "contentEncoding": "identity", "contentType": "text/html", "hash": "0f80acd5daea68b981f1845d09ca1432"}, {"path": "coverage/lcov-report/lib/configurations/index.ts.html", "contentEncoding": "identity", "contentType": "text/html", "hash": "1c814cef8568128d7ca3d381b4fd8fa4"}, {"path": "coverage/lcov-report/lib/configurations/index.html", "contentEncoding": "identity", "contentType": "text/html", "hash": "e78530fcc65ea236bcec903d39d0ac03"}, {"path": "coverage/lcov-report/lib/configurations/attributes.ts.html", "contentEncoding": "identity", "contentType": "text/html", "hash": "1086a56fedbfc4ec9e5943f0883d2ad8"}, {"path": "coverage/lcov-report/lib/common/utils.ts.html", "contentEncoding": "identity", "contentType": "text/html", "hash": "0ebd55b0245941954ee3fdc386cddb04"}, {"path": "coverage/lcov-report/lib/common/types-domain.ts.html", "contentEncoding": "identity", "contentType": "text/html", "hash": "8a83e596d40c7ac07c6555c28be10166"}, {"path": "coverage/lcov-report/lib/common/traits.ts.html", "contentEncoding": "identity", "contentType": "text/html", "hash": "a5b8f8f51649d674e403334bbfbde6b6"}, {"path": "coverage/lcov-report/lib/common/journal.ts.html", "contentEncoding": "identity", "contentType": "text/html", "hash": "6fb8ba28e60471096b350c029c3ffa17"}, {"path": "coverage/lcov-report/lib/common/types.ts.html", "contentEncoding": "identity", "contentType": "text/html", "hash": "2b20537e79eb15451fa313c36a3b4bf7"}, {"path": "coverage/lcov-report/lib/common/index.ts.html", "contentEncoding": "identity", "contentType": "text/html", "hash": "ed9fcf417e7d46724c5e830964921685"}, {"path": "coverage/lcov-report/lib/common/index.html", "contentEncoding": "identity", "contentType": "text/html", "hash": "5bfa885eef680854aa5c36ede3d1f845"}, {"path": "coverage/lcov-report/lib/modules/module.ts.html", "contentEncoding": "identity", "contentType": "text/html", "hash": "36ea368391ebdb093e4a472e9341d229"}, {"path": "coverage/lcov-report/lib/modules/traits.ts.html", "contentEncoding": "identity", "contentType": "text/html", "hash": "96e2b79138eaf89505b3a432a8f28da4"}, {"path": "coverage/lcov-report/lib/modules/connection.ts.html", "contentEncoding": "identity", "contentType": "text/html", "hash": "05405be929a49a13d33c17e97639d867"}, {"path": "coverage/lcov-report/lib/modules/index.ts.html", "contentEncoding": "identity", "contentType": "text/html", "hash": "a9cc78bbe5c7d90a84fb6ff1550d77a5"}, {"path": "coverage/lcov-report/lib/modules/index.html", "contentEncoding": "identity", "contentType": "text/html", "hash": "f2a5c866c60b8339ffa01dda62abaebc"}, {"path": "coverage/lcov-report/lib/modules/attributes.ts.html", "contentEncoding": "identity", "contentType": "text/html", "hash": "e5678a481b54fab6ede35e37e3399e8c"}, {"path": "coverage/lcov-report/lib/modules/connector.ts.html", "contentEncoding": "identity", "contentType": "text/html", "hash": "805931c09eb093b2324469cf79da4598"}, {"path": "coverage/lcov-report/lib/connections/connection.ts.html", "contentEncoding": "identity", "contentType": "text/html", "hash": "41a653a1bd94f2e517be7e93a313b22f"}, {"path": "coverage/lcov-report/lib/connections/index.ts.html", "contentEncoding": "identity", "contentType": "text/html", "hash": "75d2ce0d81e4ea96189ed7f2630e3937"}, {"path": "coverage/lcov-report/lib/connections/index.html", "contentEncoding": "identity", "contentType": "text/html", "hash": "a723c7a9a672e4f582657524e2001087"}, {"path": "coverage/lcov-report/lib/workflows/layer.ts.html", "contentEncoding": "identity", "contentType": "text/html", "hash": "6c88eab3f756b54dbb82e7fc8b1f0f9c"}, {"path": "coverage/lcov-report/lib/workflows/workflow.ts.html", "contentEncoding": "identity", "contentType": "text/html", "hash": "49dcc68cc7524ffd577a9b9e7c7dbe6e"}, {"path": "coverage/lcov-report/lib/workflows/index.ts.html", "contentEncoding": "identity", "contentType": "text/html", "hash": "fc5f6044629399ce58687b7d12d25c72"}, {"path": "coverage/lcov-report/lib/workflows/index.html", "contentEncoding": "identity", "contentType": "text/html", "hash": "a3041d3fa5d52a8baf82df9f1bba1d1e"}, {"path": "coverage/lcov-report/lib/deployers/utils.ts.html", "contentEncoding": "identity", "contentType": "text/html", "hash": "d718ac0d7a77fa1e1fe9c9903656a7f2"}, {"path": "coverage/lcov-report/lib/deployers/instance-pool-worker.ts.html", "contentEncoding": "identity", "contentType": "text/html", "hash": "3d32306f5639803367759821e37b44ca"}, {"path": "coverage/lcov-report/lib/deployers/inner-observables-pool.ts.html", "contentEncoding": "identity", "contentType": "text/html", "hash": "1d1559b1734d64b212257c7f9ec8b2eb"}, {"path": "coverage/lcov-report/lib/deployers/instance-pool.ts.html", "contentEncoding": "identity", "contentType": "text/html", "hash": "820236d78d211556b9596ff4db1163cc"}, {"path": "coverage/lcov-report/lib/deployers/models.ts.html", "contentEncoding": "identity", "contentType": "text/html", "hash": "5097feda640b10a5a94283b1a2a03838"}, {"path": "coverage/lcov-report/lib/deployers/in-worker.ts.html", "contentEncoding": "identity", "contentType": "text/html", "hash": "78bbc56bbf1a53b58e6f789fb59f8bac"}, {"path": "coverage/lcov-report/lib/deployers/index.ts.html", "contentEncoding": "identity", "contentType": "text/html", "hash": "7968bbb68028d2bb5ce7e546f13e80f0"}, {"path": "coverage/lcov-report/lib/deployers/index.html", "contentEncoding": "identity", "contentType": "text/html", "hash": "38d57d3889974f6d906b153891a97712"}, {"path": "coverage/lcov-report/lib/project/workers/utils.ts.html", "contentEncoding": "identity", "contentType": "text/html", "hash": "0578bd5496960bc055dfc2b6bff1e24d"}, {"path": "coverage/lcov-report/lib/project/workers/macro-workers.ts.html", "contentEncoding": "identity", "contentType": "text/html", "hash": "f43cd4572a54b4ee8a503b96d5b3372f"}, {"path": "coverage/lcov-report/lib/project/workers/instance-pool-worker.ts.html", "contentEncoding": "identity", "contentType": "text/html", "hash": "d2257e293f632371f9c50865a3529f62"}, {"path": "coverage/lcov-report/lib/project/workers/models.ts.html", "contentEncoding": "identity", "contentType": "text/html", "hash": "dc8d5eb9174c627a0616075bdaee9cc3"}, {"path": "coverage/lcov-report/lib/project/workers/in-worker.ts.html", "contentEncoding": "identity", "contentType": "text/html", "hash": "4df8b7356e1eb8ace4dc1ef1f77709f7"}, {"path": "coverage/lcov-report/lib/project/workers/index.ts.html", "contentEncoding": "identity", "contentType": "text/html", "hash": "758b3e0bbe4f6597dd0f5887935abe6e"}, {"path": "coverage/lcov-report/lib/project/workers/index.html", "contentEncoding": "identity", "contentType": "text/html", "hash": "5e914723865cc0d11209b150351f234e"}, {"path": "coverage/lcov-report/lib/common/configurations/configuration.ts.html", "contentEncoding": "identity", "contentType": "text/html", "hash": "a07d0aa114664dfc2c55bbf98c0d8873"}, {"path": "coverage/lcov-report/lib/common/configurations/index.ts.html", "contentEncoding": "identity", "contentType": "text/html", "hash": "d06f4f30d49f2a80a272c4456a27b51a"}, {"path": "coverage/lcov-report/lib/common/configurations/index.html", "contentEncoding": "identity", "contentType": "text/html", "hash": "6aeb99087ed73a64f0184f6b7a81023b"}, {"path": "coverage/lcov-report/lib/common/configurations/attributes.ts.html", "contentEncoding": "identity", "contentType": "text/html", "hash": "904d5957b7f5acdc88f9657581223c29"}, {"path": "coverage/lcov-report/lib/modules/configurations/configuration.ts.html", "contentEncoding": "identity", "contentType": "text/html", "hash": "5487c130e038e45cf6a30829a221c88a"}, {"path": "coverage/lcov-report/lib/modules/configurations/index.ts.html", "contentEncoding": "identity", "contentType": "text/html", "hash": "f031cf203ba67f5eb20c99217a248441"}, {"path": "coverage/lcov-report/lib/modules/configurations/index.html", "contentEncoding": "identity", "contentType": "text/html", "hash": "c9697e9038b8a4416839b119ab80772a"}, {"path": "coverage/lcov-report/lib/modules/configurations/attributes.ts.html", "contentEncoding": "identity", "contentType": "text/html", "hash": "775253b6dcb29fd849915e29f82be68d"}, {"path": "coverage/lcov-report/lib/modules/IOs/slot.ts.html", "contentEncoding": "identity", "contentType": "text/html", "hash": "08b598232c92499a388729a90d966c6b"}, {"path": "coverage/lcov-report/lib/modules/IOs/contract.ts.html", "contentEncoding": "identity", "contentType": "text/html", "hash": "b789dec207768001beafa2472b468d78"}, {"path": "coverage/lcov-report/lib/modules/IOs/index.ts.html", "contentEncoding": "identity", "contentType": "text/html", "hash": "cdf5e14f98c5601d6f01eb28a82dbad7"}, {"path": "coverage/lcov-report/lib/modules/IOs/index.html", "contentEncoding": "identity", "contentType": "text/html", "hash": "756fbb33f690cb8247c85144638f6f04"}]}