{"date": "2024-07-30T07:38:39.903643", "ywVersion": "0.1.12.dev", "files": [{"path": "package.json", "contentEncoding": "identity", "contentType": "application/json", "hash": "db5760d9664b2efb8de2d0546e1f4545"}, {"path": "dist/webpack.config.d.ts", "contentEncoding": "identity", "contentType": "application/octet-stream", "hash": "7d1d390bf2a3052b887909ca262405df"}, {"path": "dist/bundle-analysis.html", "contentEncoding": "identity", "contentType": "text/html", "hash": "1963f4b3abd7a96bda5b256fba38fb93"}, {"path": "dist/jest.config.d.ts", "contentEncoding": "identity", "contentType": "application/octet-stream", "hash": "2f0aa004b15580a7bcb1fafdae112d27"}, {"path": "dist/rx-vdom-config.d.ts", "contentEncoding": "identity", "contentType": "application/octet-stream", "hash": "9802d08a55ab751dd118382e440b1ae4"}, {"path": "src/index.ts", "contentEncoding": "identity", "contentType": "application/octet-stream", "hash": "2c376c50680d168362d70409da235f2a"}, {"path": "src/auto-generated.ts", "contentEncoding": "identity", "contentType": "application/octet-stream", "hash": "fe80392beb8396a6a04cc761b8547132"}, {"path": "dist/@youwol/vsf-core.js", "contentEncoding": "br", "contentType": "application/javascript;charset=UTF-8", "hash": "1cb5f566ba98971c2e69493bc87e3a23"}, {"path": "dist/@youwol/vsf-core.js.map", "contentEncoding": "br", "contentType": "application/javascript;charset=UTF-8", "hash": "f140d6ccf1369df54061a70a2a4a4861"}, {"path": "dist/src/index.d.ts", "contentEncoding": "identity", "contentType": "application/octet-stream", "hash": "233fa10ad970f8492de4a7ee58b9669e"}, {"path": "dist/src/auto-generated.d.ts", "contentEncoding": "identity", "contentType": "application/octet-stream", "hash": "25ce7395685a9b5729deeaa21ffb2f7d"}, {"path": "dist/src/lib/index.d.ts", "contentEncoding": "identity", "contentType": "application/octet-stream", "hash": "a237bce837e309c7f4a6db2b828a0d76"}, {"path": "dist/src/tests/test.utils.d.ts", "contentEncoding": "identity", "contentType": "application/octet-stream", "hash": "584ed095d434039047afdc19a8fc8370"}, {"path": "dist/src/tests/mock-requests.d.ts", "contentEncoding": "identity", "contentType": "application/octet-stream", "hash": "f6eb17fc136db20ec9d470f25d43b51b"}, {"path": "dist/src/tests/configuration.test.d.ts", "contentEncoding": "identity", "contentType": "application/octet-stream", "hash": "e2ebd7ddedcadeeadbf819c35985c768"}, {"path": "dist/src/tests/workers.test.d.ts", "contentEncoding": "identity", "contentType": "application/octet-stream", "hash": "e2ebd7ddedcadeeadbf819c35985c768"}, {"path": "dist/src/tests/types.test.d.ts", "contentEncoding": "identity", "contentType": "application/octet-stream", "hash": "e2ebd7ddedcadeeadbf819c35985c768"}, {"path": "dist/src/tests/errors.test.d.ts", "contentEncoding": "identity", "contentType": "application/octet-stream", "hash": "e2ebd7ddedcadeeadbf819c35985c768"}, {"path": "dist/src/tests/macros-pool-state.test.d.ts", "contentEncoding": "identity", "contentType": "application/octet-stream", "hash": "e2ebd7ddedcadeeadbf819c35985c768"}, {"path": "dist/src/tests/project-parse.test.d.ts", "contentEncoding": "identity", "contentType": "application/octet-stream", "hash": "e2ebd7ddedcadeeadbf819c35985c768"}, {"path": "dist/src/tests/execution.test.d.ts", "contentEncoding": "identity", "contentType": "application/octet-stream", "hash": "e2ebd7ddedcadeeadbf819c35985c768"}, {"path": "dist/src/tests/project-cell.test.d.ts", "contentEncoding": "identity", "contentType": "application/octet-stream", "hash": "e2ebd7ddedcadeeadbf819c35985c768"}, {"path": "dist/src/tests/project-layers.test.d.ts", "contentEncoding": "identity", "contentType": "application/octet-stream", "hash": "e2ebd7ddedcadeeadbf819c35985c768"}, {"path": "dist/src/tests/environment.test.d.ts", "contentEncoding": "identity", "contentType": "application/octet-stream", "hash": "e2ebd7ddedcadeeadbf819c35985c768"}, {"path": "dist/src/tests/macro.test.d.ts", "contentEncoding": "identity", "contentType": "application/octet-stream", "hash": "e2ebd7ddedcadeeadbf819c35985c768"}, {"path": "dist/src/tests/toolbox.d.ts", "contentEncoding": "identity", "contentType": "application/octet-stream", "hash": "9cb22af365ab96aa29321235f48fd833"}, {"path": "dist/src/tests/layer.test.d.ts", "contentEncoding": "identity", "contentType": "application/octet-stream", "hash": "e2ebd7ddedcadeeadbf819c35985c768"}, {"path": "dist/src/tests/views.test.d.ts", "contentEncoding": "identity", "contentType": "application/octet-stream", "hash": "e2ebd7ddedcadeeadbf819c35985c768"}, {"path": "dist/src/tests/connection.test.d.ts", "contentEncoding": "identity", "contentType": "application/octet-stream", "hash": "e2ebd7ddedcadeeadbf819c35985c768"}, {"path": "dist/src/tests/attributes.test.d.ts", "contentEncoding": "identity", "contentType": "application/octet-stream", "hash": "e2ebd7ddedcadeeadbf819c35985c768"}, {"path": "dist/src/tests/workers.module.test.d.ts", "contentEncoding": "identity", "contentType": "application/octet-stream", "hash": "e2ebd7ddedcadeeadbf819c35985c768"}, {"path": "dist/src/tests/contract.test.d.ts", "contentEncoding": "identity", "contentType": "application/octet-stream", "hash": "4e7e33f4a1c47f0c9a5583fcd54db22d"}, {"path": "dist/src/tests/modules.test.d.ts", "contentEncoding": "identity", "contentType": "application/octet-stream", "hash": "e2ebd7ddedcadeeadbf819c35985c768"}, {"path": "dist/src/lib/contracts/contract.d.ts", "contentEncoding": "identity", "contentType": "application/octet-stream", "hash": "b3cba0982cab74b424ac7181d79940ad"}, {"path": "dist/src/lib/contracts/index.d.ts", "contentEncoding": "identity", "contentType": "application/octet-stream", "hash": "c2d61a1a1f2e08dbc05ba7b95fe5638c"}, {"path": "dist/src/lib/macros/macro.d.ts", "contentEncoding": "identity", "contentType": "application/octet-stream", "hash": "2a3205c29aad0613a2427f8de4c22c54"}, {"path": "dist/src/lib/macros/index.d.ts", "contentEncoding": "identity", "contentType": "application/octet-stream", "hash": "5556cf211d55d19b1c047df3c493c198"}, {"path": "dist/src/lib/macros/macro-workers.d.ts", "contentEncoding": "identity", "contentType": "application/octet-stream", "hash": "407cda71250ddfa507d4570ade6ec12a"}, {"path": "dist/src/lib/project/project.d.ts", "contentEncoding": "identity", "contentType": "application/octet-stream", "hash": "77fe6ff3e33e789e6a9ef629cfdb9c4a"}, {"path": "dist/src/lib/project/project-cell.d.ts", "contentEncoding": "identity", "contentType": "application/octet-stream", "hash": "c8372b6af35aff58ab0c20fe336a902b"}, {"path": "dist/src/lib/project/views.d.ts", "contentEncoding": "identity", "contentType": "application/octet-stream", "hash": "9d2959f7f1269541333f91c2f48297b2"}, {"path": "dist/src/lib/project/parsing-utils.d.ts", "contentEncoding": "identity", "contentType": "application/octet-stream", "hash": "e56a73f7e4ce70ca5daf66f3451902a7"}, {"path": "dist/src/lib/project/environment.d.ts", "contentEncoding": "identity", "contentType": "application/octet-stream", "hash": "79811cf2968c7aab46da7b927688038d"}, {"path": "dist/src/lib/project/index.d.ts", "contentEncoding": "identity", "contentType": "application/octet-stream", "hash": "2f9f65461d8b77ebf7972c4a7acc8a2d"}, {"path": "dist/src/lib/project/models.d.ts", "contentEncoding": "identity", "contentType": "application/octet-stream", "hash": "0fd91d8e2cd07d693aa8331c2fd4feca"}, {"path": "dist/src/lib/configurations/configuration.d.ts", "contentEncoding": "identity", "contentType": "application/octet-stream", "hash": "df7195498a81efaf23d565100ede1e58"}, {"path": "dist/src/lib/configurations/attributes.d.ts", "contentEncoding": "identity", "contentType": "application/octet-stream", "hash": "2a484ae08f74846a521f5d0785c2621b"}, {"path": "dist/src/lib/configurations/traits.d.ts", "contentEncoding": "identity", "contentType": "application/octet-stream", "hash": "d23784bc1cf98c131f84f3ddf4d3f8d1"}, {"path": "dist/src/lib/configurations/index.d.ts", "contentEncoding": "identity", "contentType": "application/octet-stream", "hash": "b79e829c9a50fda9cba97638c1e2d623"}, {"path": "dist/src/lib/common/types.d.ts", "contentEncoding": "identity", "contentType": "application/octet-stream", "hash": "d13a96141a45ffd44d8394a82c415fd3"}, {"path": "dist/src/lib/common/utils.d.ts", "contentEncoding": "identity", "contentType": "application/octet-stream", "hash": "fbf4b51beeb64e7d6c5eeee52d8450ab"}, {"path": "dist/src/lib/common/types-domain.d.ts", "contentEncoding": "identity", "contentType": "application/octet-stream", "hash": "399a74e24329aeb3069e127112fc7163"}, {"path": "dist/src/lib/common/traits.d.ts", "contentEncoding": "identity", "contentType": "application/octet-stream", "hash": "761cf9a8a69d5e07466a72327e5e6aca"}, {"path": "dist/src/lib/common/index.d.ts", "contentEncoding": "identity", "contentType": "application/octet-stream", "hash": "e7fc42a93161b25c977e77ec322ec979"}, {"path": "dist/src/lib/common/journal.d.ts", "contentEncoding": "identity", "contentType": "application/octet-stream", "hash": "bf6a5cfcd917ea9f07db5ea7ac627c9c"}, {"path": "dist/src/lib/modules/attributes.d.ts", "contentEncoding": "identity", "contentType": "application/octet-stream", "hash": "96a18066160f38911d1bf94290854189"}, {"path": "dist/src/lib/modules/module.d.ts", "contentEncoding": "identity", "contentType": "application/octet-stream", "hash": "f20033204113d84031fbb8e64aaf0244"}, {"path": "dist/src/lib/modules/connector.d.ts", "contentEncoding": "identity", "contentType": "application/octet-stream", "hash": "3d94f19495861a4e0a731e8024d65e33"}, {"path": "dist/src/lib/modules/traits.d.ts", "contentEncoding": "identity", "contentType": "application/octet-stream", "hash": "4c33e648a3eebeed1758af68ab7136c7"}, {"path": "dist/src/lib/modules/index.d.ts", "contentEncoding": "identity", "contentType": "application/octet-stream", "hash": "a687ebb507129628a407cebc81af630c"}, {"path": "dist/src/lib/connections/connection.d.ts", "contentEncoding": "identity", "contentType": "application/octet-stream", "hash": "458c40509488de698e0ece6fa6727555"}, {"path": "dist/src/lib/connections/index.d.ts", "contentEncoding": "identity", "contentType": "application/octet-stream", "hash": "221f2cf52e1cbbcdddbfcab2aecdefbf"}, {"path": "dist/src/lib/workflows/layer.d.ts", "contentEncoding": "identity", "contentType": "application/octet-stream", "hash": "4260920668cccbe1bad494d4bc657a3d"}, {"path": "dist/src/lib/workflows/index.d.ts", "contentEncoding": "identity", "contentType": "application/octet-stream", "hash": "23e15bcf184bfb8deb4aa0f3cca926a3"}, {"path": "dist/src/lib/deployers/utils.d.ts", "contentEncoding": "identity", "contentType": "application/octet-stream", "hash": "bfff3589349e6a9f3514f00d7ca01072"}, {"path": "dist/src/lib/deployers/in-worker.d.ts", "contentEncoding": "identity", "contentType": "application/octet-stream", "hash": "d3352d25b206be2f92963316c2179a0c"}, {"path": "dist/src/lib/deployers/instance-pool.d.ts", "contentEncoding": "identity", "contentType": "application/octet-stream", "hash": "1d8b6f81f811fbbc109327b560815289"}, {"path": "dist/src/lib/deployers/inner-observables-pool.d.ts", "contentEncoding": "identity", "contentType": "application/octet-stream", "hash": "73dab17b4d918e1107d9267aeab9744a"}, {"path": "dist/src/lib/deployers/instance-pool-worker.d.ts", "contentEncoding": "identity", "contentType": "application/octet-stream", "hash": "f2901bba2b644121f39557e9825872e0"}, {"path": "dist/src/lib/deployers/index.d.ts", "contentEncoding": "identity", "contentType": "application/octet-stream", "hash": "a9013592e9ff8fd77ae9865219337902"}, {"path": "dist/src/lib/deployers/models.d.ts", "contentEncoding": "identity", "contentType": "application/octet-stream", "hash": "cb12bdf805b5a6ccd91c41c1e68f1846"}, {"path": "dist/src/lib/modules/IOs/slot.d.ts", "contentEncoding": "identity", "contentType": "application/octet-stream", "hash": "34d7b58735285d5333caffb35c5ec06a"}, {"path": "dist/src/lib/modules/IOs/index.d.ts", "contentEncoding": "identity", "contentType": "application/octet-stream", "hash": "ba2f23f917299f1fe4a0b9b2096d38c5"}, {"path": "dist/src/tests/modules-implementation/console.module.d.ts", "contentEncoding": "identity", "contentType": "application/octet-stream", "hash": "eb93eef4624c87f3662e1c24e18de887"}, {"path": "dist/src/tests/modules-implementation/take.module.d.ts", "contentEncoding": "identity", "contentType": "application/octet-stream", "hash": "fe2cc18b86a3a8b0f5c5571765c6fa7f"}, {"path": "dist/src/tests/modules-implementation/map.module.d.ts", "contentEncoding": "identity", "contentType": "application/octet-stream", "hash": "ab43e0ea9de47b827a49ae490bd88d24"}, {"path": "dist/src/tests/modules-implementation/filter.module.d.ts", "contentEncoding": "identity", "contentType": "application/octet-stream", "hash": "73937b300c0caa975287641be623a450"}, {"path": "dist/src/tests/modules-implementation/delay-when.module.d.ts", "contentEncoding": "identity", "contentType": "application/octet-stream", "hash": "b6b5073d3a3c9e6e240d7aaed8af6f5d"}, {"path": "dist/src/tests/modules-implementation/of.module.d.ts", "contentEncoding": "identity", "contentType": "application/octet-stream", "hash": "13a77ec2cd1f9a02bc0eb3ee21e5bddb"}, {"path": "dist/src/tests/modules-implementation/plot.module.d.ts", "contentEncoding": "identity", "contentType": "application/octet-stream", "hash": "258ae708f150645a5b0acb3eb8272831"}, {"path": "dist/src/tests/modules-implementation/merge-map.module.d.ts", "contentEncoding": "identity", "contentType": "application/octet-stream", "hash": "01c9ea8520e95db77e6b42116f5e539f"}, {"path": "dist/src/tests/modules-implementation/sphere.module.d.ts", "contentEncoding": "identity", "contentType": "application/octet-stream", "hash": "10f86cb646f22ea3766c202db55c7198"}, {"path": "dist/src/tests/modules-implementation/timer.module.d.ts", "contentEncoding": "identity", "contentType": "application/octet-stream", "hash": "a0e84fff2a8edbd366f59f701c4eac48"}, {"path": "dist/src/tests/modules-implementation/delay.module.d.ts", "contentEncoding": "identity", "contentType": "application/octet-stream", "hash": "7cbd4f80cc4f4e3c9ef14da2f0f63fe2"}, {"path": "dist/src/tests/modules-implementation/common.d.ts", "contentEncoding": "identity", "contentType": "application/octet-stream", "hash": "9592ef62ac08f486a75d3c0a203c5f0c"}, {"path": "dist/src/tests/modules-implementation/combine-latest.module.d.ts", "contentEncoding": "identity", "contentType": "application/octet-stream", "hash": "9671a9d6e65bf5c177938b38a77884db"}, {"path": "src/lib/index.ts", "contentEncoding": "identity", "contentType": "application/octet-stream", "hash": "7bd8c8df08e87fcf7f5e6d4d46bd81b1"}, {"path": "src/lib/contracts/index.ts", "contentEncoding": "identity", "contentType": "application/octet-stream", "hash": "b3e2c4078c625c9e404a4494121803f1"}, {"path": "src/lib/contracts/contract.ts", "contentEncoding": "identity", "contentType": "application/octet-stream", "hash": "25a295e82972daf32d29c3fd075e0ce0"}, {"path": "src/lib/macros/index.ts", "contentEncoding": "identity", "contentType": "application/octet-stream", "hash": "508b50dd65a35b683639bed6c97b1ef0"}, {"path": "src/lib/macros/macro-workers.ts", "contentEncoding": "identity", "contentType": "application/octet-stream", "hash": "f0f13fb27edf16570a5f2144bae34d00"}, {"path": "src/lib/macros/macro.ts", "contentEncoding": "identity", "contentType": "application/octet-stream", "hash": "318dd7e20c34b497d0dd2656c6ba8ec1"}, {"path": "src/lib/project/index.ts", "contentEncoding": "identity", "contentType": "application/octet-stream", "hash": "25ecbc45c21113d11e09f42bb93bdfdd"}, {"path": "src/lib/project/project.ts", "contentEncoding": "identity", "contentType": "application/octet-stream", "hash": "0448889b25072e18b1ad7124cddef693"}, {"path": "src/lib/project/models.ts", "contentEncoding": "identity", "contentType": "application/octet-stream", "hash": "2a7b820c7dea96c49e03e9eb9195052a"}, {"path": "src/lib/project/parsing-utils.ts", "contentEncoding": "identity", "contentType": "application/octet-stream", "hash": "6d4854f1a77faf1b58180ee16fb09edd"}, {"path": "src/lib/project/project-cell.ts", "contentEncoding": "identity", "contentType": "application/octet-stream", "hash": "c5e409d6b9ceb51b88ebc8c08769f498"}, {"path": "src/lib/project/views.ts", "contentEncoding": "identity", "contentType": "application/octet-stream", "hash": "8a0ffb49f6628e737ddc3da8fc068cc5"}, {"path": "src/lib/project/environment.ts", "contentEncoding": "identity", "contentType": "application/octet-stream", "hash": "ff7d7cfd705caf63004946e78751a581"}, {"path": "src/lib/configurations/index.ts", "contentEncoding": "identity", "contentType": "application/octet-stream", "hash": "c406d0497392dedb1440f454ebdfd09a"}, {"path": "src/lib/configurations/attributes.ts", "contentEncoding": "identity", "contentType": "application/octet-stream", "hash": "91ef0fa955859087c087a30fa5c21c59"}, {"path": "src/lib/configurations/configuration.ts", "contentEncoding": "identity", "contentType": "application/octet-stream", "hash": "a47e08742db4339748261ace5524b580"}, {"path": "src/lib/configurations/traits.ts", "contentEncoding": "identity", "contentType": "application/octet-stream", "hash": "8af323ff709f1f091e1bf3714e2bd3c0"}, {"path": "src/lib/common/index.ts", "contentEncoding": "identity", "contentType": "application/octet-stream", "hash": "950d8d9a6c971e1a4b901ae57d7456b1"}, {"path": "src/lib/common/types.ts", "contentEncoding": "identity", "contentType": "application/octet-stream", "hash": "d9e45afce97503f7f019c444b998fbaf"}, {"path": "src/lib/common/types-domain.ts", "contentEncoding": "identity", "contentType": "application/octet-stream", "hash": "9deb02f5423890690a18338ff36bdc98"}, {"path": "src/lib/common/traits.ts", "contentEncoding": "identity", "contentType": "application/octet-stream", "hash": "8344deac6b703369e96af3af40847468"}, {"path": "src/lib/common/journal.ts", "contentEncoding": "identity", "contentType": "application/octet-stream", "hash": "2c187484b6cd5f265b33d3abaaceb715"}, {"path": "src/lib/common/utils.ts", "contentEncoding": "identity", "contentType": "application/octet-stream", "hash": "517f4b87b5d99d259b16dccd573c78c2"}, {"path": "src/lib/modules/index.ts", "contentEncoding": "identity", "contentType": "application/octet-stream", "hash": "1ac0e7a636206505eafa54af3b27f8ae"}, {"path": "src/lib/modules/attributes.ts", "contentEncoding": "identity", "contentType": "application/octet-stream", "hash": "9acde91eddd72f8eb79e2922072fe67e"}, {"path": "src/lib/modules/traits.ts", "contentEncoding": "identity", "contentType": "application/octet-stream", "hash": "674cf7f9e0e1ed126dfaec7bd3d63c4b"}, {"path": "src/lib/modules/connector.ts", "contentEncoding": "identity", "contentType": "application/octet-stream", "hash": "5f403d6726e4b50929d311f469b35d50"}, {"path": "src/lib/modules/module.ts", "contentEncoding": "identity", "contentType": "application/octet-stream", "hash": "d7f1a31217d0eaeaf616b303b722a1b7"}, {"path": "src/lib/connections/index.ts", "contentEncoding": "identity", "contentType": "application/octet-stream", "hash": "71c632f09847f91313ca73113be404f6"}, {"path": "src/lib/connections/connection.ts", "contentEncoding": "identity", "contentType": "application/octet-stream", "hash": "e5316c07dc95d6dfcee7089fc4420c78"}, {"path": "src/lib/workflows/index.ts", "contentEncoding": "identity", "contentType": "application/octet-stream", "hash": "5c5f236d42229059663469cd8e768a39"}, {"path": "src/lib/workflows/layer.ts", "contentEncoding": "identity", "contentType": "application/octet-stream", "hash": "b95054f577900505144c22ef27bd3bbe"}, {"path": "src/lib/deployers/index.ts", "contentEncoding": "identity", "contentType": "application/octet-stream", "hash": "1972637ab6f12790e53a5f8eaa46b3b2"}, {"path": "src/lib/deployers/models.ts", "contentEncoding": "identity", "contentType": "application/octet-stream", "hash": "b96de52dd2e5dd914cbd2b4e65f25210"}, {"path": "src/lib/deployers/instance-pool-worker.ts", "contentEncoding": "identity", "contentType": "application/octet-stream", "hash": "679dfc0ca384e6d36ec7f4ddc576b699"}, {"path": "src/lib/deployers/instance-pool.ts", "contentEncoding": "identity", "contentType": "application/octet-stream", "hash": "7a7c4045ea728fe269bc1a865a71b20d"}, {"path": "src/lib/deployers/inner-observables-pool.ts", "contentEncoding": "identity", "contentType": "application/octet-stream", "hash": "9f6a71621848f95355c10d010856ad27"}, {"path": "src/lib/deployers/in-worker.ts", "contentEncoding": "identity", "contentType": "application/octet-stream", "hash": "4cab350b73a8479ec64f85cca0884403"}, {"path": "src/lib/deployers/utils.ts", "contentEncoding": "identity", "contentType": "application/octet-stream", "hash": "c6340eebb3fa5c2595f9e71f0848079a"}, {"path": "src/lib/modules/IOs/index.ts", "contentEncoding": "identity", "contentType": "application/octet-stream", "hash": "e55d3919adb7313e4aab36ecc2d2f4ac"}, {"path": "src/lib/modules/IOs/slot.ts", "contentEncoding": "identity", "contentType": "application/octet-stream", "hash": "507632eb0b7c02c5cbd826406fbe4bd3"}, {"path": "dist/docs/hierarchy.html", "contentEncoding": "identity", "contentType": "text/html", "hash": "766f39a8087b0cc9fc0d9f87275e25d6"}, {"path": "dist/docs/.nojekyll", "contentEncoding": "identity", "contentType": "application/octet-stream", "hash": "527ed13d9651065487492991875c804a"}, {"path": "dist/docs/index.html", "contentEncoding": "identity", "contentType": "text/html", "hash": "884d3637cd7bff7d5da46e24f3a4115b"}, {"path": "dist/docs/modules.html", "contentEncoding": "identity", "contentType": "text/html", "hash": "174ed5ead99c34eb9063d117dca771d7"}, {"path": "dist/docs/types/Macros.MacroDeclaration.html", "contentEncoding": "identity", "contentType": "text/html", "hash": "8182765d7f1749f756febb650f78a9b2"}, {"path": "dist/docs/types/ImmutableObj.html", "contentEncoding": "identity", "contentType": "text/html", "hash": "e5630f30ecaa5d3328d60fb710d7fc2a"}, {"path": "dist/docs/types/Connections.AnyJson.html", "contentEncoding": "identity", "contentType": "text/html", "hash": "bc12436183b4f46b68505fbf830c9eae"}, {"path": "dist/docs/types/Deployers.ImplementationProxy.html", "contentEncoding": "identity", "contentType": "text/html", "hash": "ce0a6645762f9b3d553c2cec05fc3db1"}, {"path": "dist/docs/types/Deployers.ConnectionDescriberFromWorker.html", "contentEncoding": "identity", "contentType": "text/html", "hash": "91eda1e78426034df523bf6ceadb9762"}, {"path": "dist/docs/types/Modules.OutputMessage.html", "contentEncoding": "identity", "contentType": "text/html", "hash": "a7efff5cd444a53c07c5a89439e5c9ba"}, {"path": "dist/docs/types/Deployers.VsfInnerObservable.html", "contentEncoding": "identity", "contentType": "text/html", "hash": "64f1ec42f58b17fc901a5715e470ee6a"}, {"path": "dist/docs/types/Projects.LibrariesStore.html", "contentEncoding": "identity", "contentType": "text/html", "hash": "dbe2d3195c39e17fa60c78da43798196"}, {"path": "dist/docs/types/Modules.SchemaModuleBase.html", "contentEncoding": "identity", "contentType": "text/html", "hash": "dd16dd69c02763852107435eb838c4f5"}, {"path": "dist/docs/types/Deployers.Chart.html", "contentEncoding": "identity", "contentType": "text/html", "hash": "24e553bd632aef073cf9b005975207ae"}, {"path": "dist/docs/types/Deployers.ProbeMessageFromWorker.html", "contentEncoding": "identity", "contentType": "text/html", "hash": "2936ad634f0eb1467fb5431611691c9b"}, {"path": "dist/docs/types/Modules.ProcessingMessage.html", "contentEncoding": "identity", "contentType": "text/html", "hash": "7d69fd942d893674babf22215fce241b"}, {"path": "dist/docs/types/Connections.ConnectableTrait.html", "contentEncoding": "identity", "contentType": "text/html", "hash": "5abc390b031b61ea6056fe1bcade11f1"}, {"path": "dist/docs/types/Connections.JsonMap.html", "contentEncoding": "identity", "contentType": "text/html", "hash": "4a3dc195df47fc72790b7eebfadb087b"}, {"path": "dist/docs/types/Projects.MacroConfiguration.html", "contentEncoding": "identity", "contentType": "text/html", "hash": "b5436da495b064bea39e7f8131798bc8"}, {"path": "dist/docs/types/Deployers.Version.html", "contentEncoding": "identity", "contentType": "text/html", "hash": "bf297042d5ddc71bb581e9e80c916239"}, {"path": "dist/docs/types/Projects.ProjectView.html", "contentEncoding": "identity", "contentType": "text/html", "hash": "d240a18b69604418ba78360e9d4328d7"}, {"path": "dist/docs/types/Deployers.ReadyMessage.html", "contentEncoding": "identity", "contentType": "text/html", "hash": "d65e6a9300dbf97a9cf0766393dd4fb0"}, {"path": "dist/docs/types/Projects.RunningWorksheet.html", "contentEncoding": "identity", "contentType": "text/html", "hash": "5cb3089ceb329ce2321b082ef0995499"}, {"path": "dist/docs/types/Deployers.InputClosed.html", "contentEncoding": "identity", "contentType": "text/html", "hash": "eb068e2df58f41df65ccc09182ca7de3"}, {"path": "dist/docs/types/Modules.OutputsReturn.html", "contentEncoding": "identity", "contentType": "text/html", "hash": "674765d83f79e8e186e5227c44f3a33d"}, {"path": "dist/docs/types/Deployers.OnInnerPoolEventArgs.html", "contentEncoding": "identity", "contentType": "text/html", "hash": "b9336a5a55c4bd914af6a102a825da8b"}, {"path": "dist/docs/types/Deployers.InputMessage.html", "contentEncoding": "identity", "contentType": "text/html", "hash": "40c75b3e5f802c37be1d0de467a75c0e"}, {"path": "dist/docs/types/Deployers.ConnectionsHint.html", "contentEncoding": "identity", "contentType": "text/html", "hash": "d806be4e8a83ee067538c0acf3a95c1d"}, {"path": "dist/docs/types/Modules.ModuleModel.html", "contentEncoding": "identity", "contentType": "text/html", "hash": "6cfe92af0d5ede857a574c52a0e3a253"}, {"path": "dist/docs/types/Modules.OutputMapperArg.html", "contentEncoding": "identity", "contentType": "text/html", "hash": "55bffdeb71f855ab0ef7784e704b8fa0"}, {"path": "dist/docs/types/Modules.InputMessage.html", "contentEncoding": "identity", "contentType": "text/html", "hash": "751182ff5691aa2bac650e5c6f4609c4"}, {"path": "dist/docs/types/Projects.MacroConfigMapper.html", "contentEncoding": "identity", "contentType": "text/html", "hash": "045bb01a3e6cced10d4209f9b595c609"}, {"path": "dist/docs/types/Modules.SchemaModule.html", "contentEncoding": "identity", "contentType": "text/html", "hash": "580638a0a6aa17a648fdbe3fd2aa3481"}, {"path": "dist/docs/types/Projects.Flowchart.html", "contentEncoding": "identity", "contentType": "text/html", "hash": "0d3ec563164c49ba889b570107096037"}, {"path": "dist/docs/types/Macros.MacroModel.html", "contentEncoding": "identity", "contentType": "text/html", "hash": "92042b871850b1715c7c5fedc118c0ae"}, {"path": "dist/docs/types/Workflows.WorkflowModel.html", "contentEncoding": "identity", "contentType": "text/html", "hash": "7c0e1aec270c39096e70f0ff5c6f2b68"}, {"path": "dist/docs/types/Projects.HtmlView.html", "contentEncoding": "identity", "contentType": "text/html", "hash": "902ce233967697a0fdfd271544da6bee"}, {"path": "dist/docs/types/Modules.OverrideType.html", "contentEncoding": "identity", "contentType": "text/html", "hash": "de7841ab0175ca8f9bbb102d3257d7c6"}, {"path": "dist/docs/types/Immutable_.html", "contentEncoding": "identity", "contentType": "text/html", "hash": "1c2c678a17e03909a22dc2957955dab7"}, {"path": "dist/docs/types/KeysAsUnion.html", "contentEncoding": "identity", "contentType": "text/html", "hash": "450bd9335a69917d6b6e0d46fd3cacd6"}, {"path": "dist/docs/types/Projects.MacroAPI.html", "contentEncoding": "identity", "contentType": "text/html", "hash": "a1a3ea9d83e5ed8c34e917e9fd5d9118"}, {"path": "dist/docs/types/Connections.UserContext.html", "contentEncoding": "identity", "contentType": "text/html", "hash": "71aa13049463e3b60929cbe257e85c13"}, {"path": "dist/docs/types/Configurations.Schema.html", "contentEncoding": "identity", "contentType": "text/html", "hash": "de0ad0eff37696ba08448ce98d41ffbe"}, {"path": "dist/docs/types/ToolBox.html", "contentEncoding": "identity", "contentType": "text/html", "hash": "ee56b00ce26a1ca99f6dde99b509e34d"}, {"path": "dist/docs/types/Modules.OutputsMapper.html", "contentEncoding": "identity", "contentType": "text/html", "hash": "064f2d6397cf7ebdae366230c0e6b1d8"}, {"path": "dist/docs/types/Modules.GetGenericObservable.html", "contentEncoding": "identity", "contentType": "text/html", "hash": "ff4caeae30edae7d8224997b7a2f12c4"}, {"path": "dist/docs/types/Projects.FlowchartLayer.html", "contentEncoding": "identity", "contentType": "text/html", "hash": "fe8bd876687a33bd4d85bb8408c73d19"}, {"path": "dist/docs/types/Projects.ModuleAttributes.html", "contentEncoding": "identity", "contentType": "text/html", "hash": "e70183959e911d8c0505c6056b2b077a"}, {"path": "dist/docs/types/Deployers.ProbeMessageId.html", "contentEncoding": "identity", "contentType": "text/html", "hash": "d86193ab89ba43af170b0e62fff77d5a"}, {"path": "dist/docs/types/Deployers.ProbeMessageIdKeys.html", "contentEncoding": "identity", "contentType": "text/html", "hash": "18da42bff27767b7e5eecbb46af1fdb6"}, {"path": "dist/docs/types/Connections.ConnectionTrait.html", "contentEncoding": "identity", "contentType": "text/html", "hash": "9edd711c0d7567a7aba8f5f9fd8ff57b"}, {"path": "dist/docs/types/Modules.Declaration.html", "contentEncoding": "identity", "contentType": "text/html", "hash": "e65d806f0cb319d7d86a031207bf434d"}, {"path": "dist/docs/types/Projects.Workflow.html", "contentEncoding": "identity", "contentType": "text/html", "hash": "bafae6ee640ca82d2df29fe2e7f62d7c"}, {"path": "dist/docs/types/Connections.ConnectionModel.html", "contentEncoding": "identity", "contentType": "text/html", "hash": "a6ad4460037d10887406929b2fbe2fb9"}, {"path": "dist/docs/types/Projects.FlowchartAnnotation.html", "contentEncoding": "identity", "contentType": "text/html", "hash": "b615b598c633b61f89558ae899f34898"}, {"path": "dist/docs/types/Modules.GetGenericInput.html", "contentEncoding": "identity", "contentType": "text/html", "hash": "8b2982b079ecfc6e79e19ef07c996bb5"}, {"path": "dist/docs/types/Configurations.ConfigInstance.html", "contentEncoding": "identity", "contentType": "text/html", "hash": "920398138ade8057009cc80e3d47d34d"}, {"path": "dist/docs/types/Modules.UserArgs.html", "contentEncoding": "identity", "contentType": "text/html", "hash": "8ff11f51b16f0e024d6e52e72bab67df"}, {"path": "dist/docs/types/WorkersPoolInstance.html", "contentEncoding": "identity", "contentType": "text/html", "hash": "7cd4d96f8206ed014f43d700a8fa3507"}, {"path": "dist/docs/types/Projects.ProjectElements.html", "contentEncoding": "identity", "contentType": "text/html", "hash": "58e6463fc5f155a0024e98bd651d11f6"}, {"path": "dist/docs/types/Deployers.Probe.html", "contentEncoding": "identity", "contentType": "text/html", "hash": "f446107708b743cde0cdaa9b72138626"}, {"path": "dist/docs/types/Deployers.ConnectionProxy.html", "contentEncoding": "identity", "contentType": "text/html", "hash": "26a23a73582d13770f3d21be7c940df5"}, {"path": "dist/docs/types/Deployers.WorkerEnvironmentTrait.html", "contentEncoding": "identity", "contentType": "text/html", "hash": "1e68abc252f60b3387857e870e5e8239"}, {"path": "dist/docs/types/Connections.Adaptor.html", "contentEncoding": "identity", "contentType": "text/html", "hash": "dfd6c2b57b22b498ffbf242a06d6239a"}, {"path": "dist/docs/types/Modules.InputsMap.html", "contentEncoding": "identity", "contentType": "text/html", "hash": "1e3f59619fc4acace3f0c6e54a3da796"}, {"path": "dist/docs/types/Deployers.WorkerProcessTrait.html", "contentEncoding": "identity", "contentType": "text/html", "hash": "1359d1df93d2a03e3bdb6927eb686000"}, {"path": "dist/docs/types/Modules.WithModuleBaseSchema.html", "contentEncoding": "identity", "contentType": "text/html", "hash": "8332c4bb621c1eaf30e2641f07609fdb"}, {"path": "dist/docs/types/Connections.JsonArray.html", "contentEncoding": "identity", "contentType": "text/html", "hash": "0e36fe23a5924ff19e6e2c60e2d26e47"}, {"path": "dist/docs/types/Projects.ProjectsStore.html", "contentEncoding": "identity", "contentType": "text/html", "hash": "0c7cd25fc28be79b5d63075136a00b63"}, {"path": "dist/docs/types/Modules.ImplementationTrait.html", "contentEncoding": "identity", "contentType": "text/html", "hash": "129b3de2bde3ad4f61c353a288ac3d06"}, {"path": "dist/docs/types/Deployers.StopSignal.html", "contentEncoding": "identity", "contentType": "text/html", "hash": "95d4034f5dd86a1c88271dc1e38a8dec"}, {"path": "dist/docs/types/Connections.Message.html", "contentEncoding": "identity", "contentType": "text/html", "hash": "ada6037b0bf5cb9dadb70320427f8d99"}, {"path": "dist/docs/types/Deployers.DeployChart.html", "contentEncoding": "identity", "contentType": "text/html", "hash": "12732ae264bf7da9b1808993e36b4ce2"}, {"path": "dist/docs/types/EnvironmentTrait.html", "contentEncoding": "identity", "contentType": "text/html", "hash": "bea85efae4ec513e87ff1dc0860966f6"}, {"path": "dist/docs/types/Projects.Macro.html", "contentEncoding": "identity", "contentType": "text/html", "hash": "a62765e88da54cc3db3e78e742e47a65"}, {"path": "dist/docs/types/Connections.ConnectionStatus.html", "contentEncoding": "identity", "contentType": "text/html", "hash": "dd93d9f241723da385906e663c8f7e5d"}, {"path": "dist/docs/types/Projects.CellFunction.html", "contentEncoding": "identity", "contentType": "text/html", "hash": "d830fcf24cfd7cb46e50063c25f0b571"}, {"path": "dist/docs/types/Deployers.ModuleDescriberFromWorker.html", "contentEncoding": "identity", "contentType": "text/html", "hash": "266ea2ba9f1e2ac78b06307f8e7e0897"}, {"path": "dist/docs/types/Configurations.Configuration.html", "contentEncoding": "identity", "contentType": "text/html", "hash": "1aa78fa1b62684ea9e87168522edc7a5"}, {"path": "dist/docs/types/Immutable.html", "contentEncoding": "identity", "contentType": "text/html", "hash": "31ee6d339b89e0a0c14692cf61be0934"}, {"path": "dist/docs/types/WorkersPoolModel.html", "contentEncoding": "identity", "contentType": "text/html", "hash": "f14500f8b299d6e089894c965cead5c9"}, {"path": "dist/docs/types/Immutables.html", "contentEncoding": "identity", "contentType": "text/html", "hash": "73875c4c03649851a3e606aa7071c110"}, {"path": "dist/docs/types/Deployers.InstancePoolDescriberFromWorker.html", "contentEncoding": "identity", "contentType": "text/html", "hash": "ab2b16b18674a7584cd450987cb5555a"}, {"path": "dist/docs/types/Modules.MessageContext.html", "contentEncoding": "identity", "contentType": "text/html", "hash": "b173bfcb2e382af41cd8b22ca88e6fa4"}, {"path": "dist/docs/types/Modules.ForwardArgs.html", "contentEncoding": "identity", "contentType": "text/html", "hash": "beaa1fe21f5103262c44ef9b44e9e6ec"}, {"path": "dist/docs/types/Projects.HtmlViewsStore.html", "contentEncoding": "identity", "contentType": "text/html", "hash": "162917d25456e10b8a4ec2d89ce60109"}, {"path": "dist/docs/types/Projects.Worksheet.html", "contentEncoding": "identity", "contentType": "text/html", "hash": "24e4035691dcf055b6015f078f9712ce"}, {"path": "dist/docs/types/Macros.MacroApi.html", "contentEncoding": "identity", "contentType": "text/html", "hash": "75b40947f21c2673a2476901f173df75"}, {"path": "dist/docs/types/Modules.Input.html", "contentEncoding": "identity", "contentType": "text/html", "hash": "29bc9ca03d8ee6bd029a668df6bf9209"}, {"path": "dist/docs/types/Projects.WorkersPool.html", "contentEncoding": "identity", "contentType": "text/html", "hash": "f9f8159cc358effeea696bf0ec7c2313"}, {"path": "dist/docs/types/Deployers.OnInnerPoolEventEndArgs.html", "contentEncoding": "identity", "contentType": "text/html", "hash": "4aecbeeace7705e492b208ab8727f46d"}, {"path": "dist/docs/types/Macros.MacroSchema.html", "contentEncoding": "identity", "contentType": "text/html", "hash": "32e3d1307a846bbc7be65821e19fc57d"}, {"path": "dist/docs/types/Modules.Scope.html", "contentEncoding": "identity", "contentType": "text/html", "hash": "b1f71bc60ff384ce6dad57ff1b45cd4d"}, {"path": "dist/docs/types/WorkersPoolRunTime.html", "contentEncoding": "identity", "contentType": "text/html", "hash": "43b13bceec73946671e8e66c3977ec33"}, {"path": "dist/docs/types/Deployers.RuntimeNotification.html", "contentEncoding": "identity", "contentType": "text/html", "hash": "222f9346e49ea1c59b14659056085e34"}, {"path": "dist/docs/functions/Modules.stringAttribute.html", "contentEncoding": "identity", "contentType": "text/html", "hash": "8fd54f6fa51e539291558f8f17a18a47"}, {"path": "dist/docs/functions/Contracts.some.html", "contentEncoding": "identity", "contentType": "text/html", "hash": "dd3737dc0b6fc442d355d17393045057"}, {"path": "dist/docs/functions/Projects.insertCell.html", "contentEncoding": "identity", "contentType": "text/html", "hash": "6592482085a033aba9795ffa37fa3519"}, {"path": "dist/docs/functions/Macros.macroInstance.html", "contentEncoding": "identity", "contentType": "text/html", "hash": "5e399455cb76d2b22dd614b9927a459e"}, {"path": "dist/docs/functions/Deployers.moduleInstanceInWorker.html", "contentEncoding": "identity", "contentType": "text/html", "hash": "90542244aef9b85014e8656cc6894f2f"}, {"path": "dist/docs/functions/Contracts.of.html", "contentEncoding": "identity", "contentType": "text/html", "hash": "18423ff4e88df6d636e034f63414490f"}, {"path": "dist/docs/functions/Deployers.isInputRawMessageProbe.html", "contentEncoding": "identity", "contentType": "text/html", "hash": "80e8efdf2d02cf37a2a6dd922a12a4a3"}, {"path": "dist/docs/functions/Modules.mergeMessagesContext.html", "contentEncoding": "identity", "contentType": "text/html", "hash": "850d984ae32c5b51e05315dd42064df8"}, {"path": "dist/docs/functions/Contracts.attribute.html", "contentEncoding": "identity", "contentType": "text/html", "hash": "f6a117a6b934657905572b4548b013d0"}, {"path": "dist/docs/functions/Deployers.startWorkerShadowPool.html", "contentEncoding": "identity", "contentType": "text/html", "hash": "3b8bbe8b66a05a4ed836f75b99100473"}, {"path": "dist/docs/functions/Deployers.implementsDeployerTrait.html", "contentEncoding": "identity", "contentType": "text/html", "hash": "2e6ac888d9607895ec7331c2d2450eb5"}, {"path": "dist/docs/functions/Projects.parseMacroInput.html", "contentEncoding": "identity", "contentType": "text/html", "hash": "487b8e3e8004bf7af9ce8002ad30f3d4"}, {"path": "dist/docs/functions/mergeWith.html", "contentEncoding": "identity", "contentType": "text/html", "hash": "4c2b47720def65792e30826570a95424"}, {"path": "dist/docs/functions/Modules.uuidv4.html", "contentEncoding": "identity", "contentType": "text/html", "hash": "42acba97ee4b4aeef3c658c43653dd6e"}, {"path": "dist/docs/functions/Modules.floatAttribute.html", "contentEncoding": "identity", "contentType": "text/html", "hash": "0fc4d4034b9bff4b3a7edf9bccb26ef4"}, {"path": "dist/docs/functions/Modules.baseModuleSchemaDefaultInstance.html", "contentEncoding": "identity", "contentType": "text/html", "hash": "c7cdb4c455de3e5a5e07007931aa75ff"}, {"path": "dist/docs/functions/Contracts.all.html", "contentEncoding": "identity", "contentType": "text/html", "hash": "109e2f62b9d03e6b93a152628dacae62"}, {"path": "dist/docs/functions/Contracts.instanceOf.html", "contentEncoding": "identity", "contentType": "text/html", "hash": "b3e50d16788c11cfe1bca35f1ad8e0c1"}, {"path": "dist/docs/functions/Modules.anyObjectAttribute.html", "contentEncoding": "identity", "contentType": "text/html", "hash": "5bd055d8b99cda2e9fd16cc7821a5c06"}, {"path": "dist/docs/functions/Deployers.isConnectionMessageProbe.html", "contentEncoding": "identity", "contentType": "text/html", "hash": "8d24e4f445ece9ba1e652b33f69af814"}, {"path": "dist/docs/functions/Deployers.serializeChart.html", "contentEncoding": "identity", "contentType": "text/html", "hash": "b4d54490d7ea8fbc68914997cc1b921a"}, {"path": "dist/docs/functions/Projects.parseDag.html", "contentEncoding": "identity", "contentType": "text/html", "hash": "2b3afef0615d20b1bbe0b1147c249cd2"}, {"path": "dist/docs/functions/Modules.getOutputSlot.html", "contentEncoding": "identity", "contentType": "text/html", "hash": "1072ef36003ee5f734defa271f3e50a6"}, {"path": "dist/docs/functions/Modules.stringLiteralAttribute.html", "contentEncoding": "identity", "contentType": "text/html", "hash": "e340926259cd503ea2fbd531d42d901b"}, {"path": "dist/docs/functions/Deployers.emitRuntime.html", "contentEncoding": "identity", "contentType": "text/html", "hash": "f1c9e3ccb55ca41bdc43bf3ad6375f64"}, {"path": "dist/docs/functions/Deployers.createInstancePoolProxy.html", "contentEncoding": "identity", "contentType": "text/html", "hash": "b3122fd15bceefb937f27c2e3621ecc1"}, {"path": "dist/docs/functions/Modules.booleanAttribute.html", "contentEncoding": "identity", "contentType": "text/html", "hash": "4dc11a106fec7933d7498e9d17df0ab9"}, {"path": "dist/docs/functions/Contracts.free.html", "contentEncoding": "identity", "contentType": "text/html", "hash": "a20f7d79a22be52d75dc512201c2f277"}, {"path": "dist/docs/functions/implementsHtmlTrait.html", "contentEncoding": "identity", "contentType": "text/html", "hash": "424473eff8483510e38c53d0acc575d0"}, {"path": "dist/docs/functions/Contracts.single.html", "contentEncoding": "identity", "contentType": "text/html", "hash": "b08617f828fa04a64961cc707af48621"}, {"path": "dist/docs/functions/Modules.jsCodeAttribute.html", "contentEncoding": "br", "contentType": "text/html", "hash": "20c8dfbe0c909006149937603129013a"}, {"path": "dist/docs/functions/Modules.integerAttribute.html", "contentEncoding": "identity", "contentType": "text/html", "hash": "f1c334a32c76cf71c377b11dcedc0ade"}, {"path": "dist/docs/functions/implementsDocumentationTrait.html", "contentEncoding": "identity", "contentType": "text/html", "hash": "38b31012bee9a34e490ff50c3aa557b7"}, {"path": "dist/docs/functions/Modules.anyAttribute.html", "contentEncoding": "identity", "contentType": "text/html", "hash": "174518788858f1c7e5d02203a0f175f9"}, {"path": "dist/docs/functions/Deployers.toClonable.html", "contentEncoding": "identity", "contentType": "text/html", "hash": "9aee558a8fbb9d2bb1179dbc485a948e"}, {"path": "dist/docs/functions/Deployers.isOutputObservableProbe.html", "contentEncoding": "identity", "contentType": "text/html", "hash": "3fd2ac57ba62beb70526ee840548853f"}, {"path": "dist/docs/functions/Contracts.count.html", "contentEncoding": "identity", "contentType": "text/html", "hash": "5b991c31ec1dcd178faf6ca5532178bf"}, {"path": "dist/docs/functions/Macros.createMacroInputs.html", "contentEncoding": "identity", "contentType": "text/html", "hash": "97c888fbfa02b9c7cf18d21ebeecf9fc"}, {"path": "dist/docs/functions/Modules.makeAttribute.html", "contentEncoding": "identity", "contentType": "text/html", "hash": "bbf5dca255531b13a46e8bc1aa35c56e"}, {"path": "dist/docs/functions/Projects.installRxVDOM.html", "contentEncoding": "identity", "contentType": "text/html", "hash": "855e46fcc93b29a2358b1394cbc81c4f"}, {"path": "dist/docs/functions/Modules.getInputSlot.html", "contentEncoding": "identity", "contentType": "text/html", "hash": "5231d7d1b7b4ed1a519a4f754ae040bf"}, {"path": "dist/docs/functions/Workflows.emptyWorkflowModel.html", "contentEncoding": "identity", "contentType": "text/html", "hash": "892e34aaa275c4d818245d9323a77b71"}, {"path": "dist/docs/functions/Contracts.any.html", "contentEncoding": "identity", "contentType": "text/html", "hash": "09e9aa9fcaab27f494566053d17bed75"}, {"path": "dist/docs/functions/Projects.parseBranch.html", "contentEncoding": "identity", "contentType": "text/html", "hash": "7152ce794c3ad2ca6ffffc8aa9c9b70d"}, {"path": "dist/docs/functions/Macros.createChart.html", "contentEncoding": "identity", "contentType": "text/html", "hash": "3cdf6a49d3c4cb85b5cd8b9e8d61b207"}, {"path": "dist/docs/functions/Deployers.isProbe.html", "contentEncoding": "identity", "contentType": "text/html", "hash": "c88ce705d845cf5534ebb08468015dae"}, {"path": "dist/docs/functions/Contracts.optionals.html", "contentEncoding": "identity", "contentType": "text/html", "hash": "6a446c639970437b97b8d172e34aaccd"}, {"path": "dist/docs/functions/Deployers.getProbes.html", "contentEncoding": "identity", "contentType": "text/html", "hash": "b31c730839dd7cb226ea8517298ba609"}, {"path": "dist/docs/functions/asMutable.html", "contentEncoding": "identity", "contentType": "text/html", "hash": "d637eb8871d73898b71d7ce59627727b"}, {"path": "dist/docs/functions/Deployers.transmitInputMessage.html", "contentEncoding": "identity", "contentType": "text/html", "hash": "f6023a2a0462033f59f358208d9f4580"}, {"path": "dist/docs/functions/Macros.deployMacroInWorker.html", "contentEncoding": "identity", "contentType": "text/html", "hash": "6275e87518ddcb00c1d63324553ff37a"}, {"path": "dist/docs/functions/Configurations.implementsConfigurableTrait.html", "contentEncoding": "identity", "contentType": "text/html", "hash": "ae404b58e0a20ee385f40c0ca2cc68f3"}, {"path": "dist/docs/functions/Deployers.implementWorkerEnvironmentTrait.html", "contentEncoding": "identity", "contentType": "text/html", "hash": "0b4872a52b722a7306165d181c375f7a"}, {"path": "dist/docs/functions/Deployers.implementWorkerProcessTrait.html", "contentEncoding": "identity", "contentType": "text/html", "hash": "0a00a26d60281a5c9342dabdc1eab2de"}, {"path": "dist/docs/functions/Contracts.contract.html", "contentEncoding": "identity", "contentType": "text/html", "hash": "b0aa34401d7cf0d001889a1c9f62b27b"}, {"path": "dist/docs/functions/Projects.parseMacroOutput.html", "contentEncoding": "identity", "contentType": "text/html", "hash": "6780908eb3963115b5b3566128fcad24"}, {"path": "dist/docs/functions/Macros.createMacroOutputs.html", "contentEncoding": "identity", "contentType": "text/html", "hash": "bfb6cd35fecdd534f3ee4dfcb2a566ce"}, {"path": "dist/docs/functions/asImmutable.html", "contentEncoding": "identity", "contentType": "text/html", "hash": "598d2b3a283449d9c35aec4ee7a51d55"}, {"path": "dist/docs/functions/Modules.customAttribute.html", "contentEncoding": "identity", "contentType": "text/html", "hash": "ea942e9317e7f5d94a6d7557b288b07f"}, {"path": "dist/docs/functions/Deployers.transmitProbeToMainThread.html", "contentEncoding": "identity", "contentType": "text/html", "hash": "820ac40fbdfbfe865f13836c21512f6a"}, {"path": "dist/docs/assets/icons.svg", "contentEncoding": "identity", "contentType": "image/svg+xml", "hash": "7cce830175ea8db295264c9afc375748"}, {"path": "dist/docs/assets/navigation.js", "contentEncoding": "br", "contentType": "application/javascript;charset=UTF-8", "hash": "807a6f9384a99a21bb921b8bfe741176"}, {"path": "dist/docs/assets/main.js", "contentEncoding": "br", "contentType": "application/javascript;charset=UTF-8", "hash": "5a28a3f9b2daeaed3688ee46f6587827"}, {"path": "dist/docs/assets/icons.js", "contentEncoding": "br", "contentType": "application/javascript;charset=UTF-8", "hash": "e320216755abec04d09e16127b4dcded"}, {"path": "dist/docs/assets/style.css", "contentEncoding": "br", "contentType": "text/css", "hash": "97d7775467bf0de7050b1a323a87ce46"}, {"path": "dist/docs/assets/highlight.css", "contentEncoding": "br", "contentType": "text/css", "hash": "f4602b481bbd0876db319b52a4be7c19"}, {"path": "dist/docs/assets/search.js", "contentEncoding": "br", "contentType": "application/javascript;charset=UTF-8", "hash": "b09af0415964893dbbe2d1bcb5d8e1a9"}, {"path": "dist/docs/modules/Modules.html", "contentEncoding": "identity", "contentType": "text/html", "hash": "fcf780cad7854df416997d436843da2b"}, {"path": "dist/docs/modules/Macros.html", "contentEncoding": "identity", "contentType": "text/html", "hash": "d7c871f0470fb6451a03e57054b367fe"}, {"path": "dist/docs/modules/Contracts.html", "contentEncoding": "identity", "contentType": "text/html", "hash": "6d61a93b3e4a6771dbc1e20544ef11de"}, {"path": "dist/docs/modules/Connections.html", "contentEncoding": "identity", "contentType": "text/html", "hash": "31e41b1f2aac68b9477dcec1381eefc1"}, {"path": "dist/docs/modules/Configurations.html", "contentEncoding": "identity", "contentType": "text/html", "hash": "0c45ac84456db1583fddcb4695f409d5"}, {"path": "dist/docs/modules/Projects.html", "contentEncoding": "identity", "contentType": "text/html", "hash": "8619296e6c447c8c44538a1c3e2abd83"}, {"path": "dist/docs/modules/Workflows.html", "contentEncoding": "identity", "contentType": "text/html", "hash": "d949d2c7a2809b5a87d0d91ccebdd632"}, {"path": "dist/docs/modules/Deployers.html", "contentEncoding": "identity", "contentType": "text/html", "hash": "773b00880c9c9b72dcbc56e54711f82d"}, {"path": "dist/docs/interfaces/StatusTrait.html", "contentEncoding": "identity", "contentType": "text/html", "hash": "e814b1fdd7ca3e449d8be6dc2ec5e63d"}, {"path": "dist/docs/interfaces/Contracts.ExpectationTrait.html", "contentEncoding": "identity", "contentType": "text/html", "hash": "9def30a78c5aa36b6bdf8e3f467a3f85"}, {"path": "dist/docs/interfaces/DocumentationTrait.html", "contentEncoding": "identity", "contentType": "text/html", "hash": "2dcbc3f2632d7af0df710f7fa769f4c4"}, {"path": "dist/docs/interfaces/Projects.CellTrait.html", "contentEncoding": "identity", "contentType": "text/html", "hash": "c9a979a243d4d0cb4b0c216725752894"}, {"path": "dist/docs/interfaces/CanvasTrait.html", "contentEncoding": "identity", "contentType": "text/html", "hash": "c11083aed5fd8041a1d2b1a7fe933f2e"}, {"path": "dist/docs/interfaces/ToolboxObjectTrait.html", "contentEncoding": "identity", "contentType": "text/html", "hash": "b121d86c368aa452d654ea08e25eb2ff"}, {"path": "dist/docs/interfaces/Modules.SlotTrait.html", "contentEncoding": "identity", "contentType": "text/html", "hash": "21d6eae98f78cb6a889e04522edec1b9"}, {"path": "dist/docs/interfaces/Configurations.AttributeTrait.html", "contentEncoding": "identity", "contentType": "text/html", "hash": "043399b8a0cbb95171d8e2034922e091"}, {"path": "dist/docs/interfaces/JournalTrait.html", "contentEncoding": "identity", "contentType": "text/html", "hash": "b93763c7ad59e016ea6b3b6ff93a48d5"}, {"path": "dist/docs/interfaces/Configurations.ConfigurableTrait.html", "contentEncoding": "identity", "contentType": "text/html", "hash": "8a6b92cfb15e3791211ea23b89afccd2"}, {"path": "dist/docs/interfaces/Modules.ApiTrait.html", "contentEncoding": "identity", "contentType": "text/html", "hash": "02b65f6d3398eefde376b3c107da4957"}, {"path": "dist/docs/interfaces/UidTrait.html", "contentEncoding": "identity", "contentType": "text/html", "hash": "c5ddea19e0f6c3e60b9ea82099ea4a43"}, {"path": "dist/docs/interfaces/InstallerTrait.html", "contentEncoding": "identity", "contentType": "text/html", "hash": "f3b9a2e8562177f3a734000e5e13c7fd"}, {"path": "dist/docs/interfaces/Deployers.DeployerTrait.html", "contentEncoding": "identity", "contentType": "text/html", "hash": "56518cfb6e36e04789dcb9c3910f5530"}, {"path": "dist/docs/interfaces/Contracts.Resolution.html", "contentEncoding": "identity", "contentType": "text/html", "hash": "2be184b89c0faf064a4d4c6867bdd842"}, {"path": "dist/docs/interfaces/HtmlTrait.html", "contentEncoding": "identity", "contentType": "text/html", "hash": "91112fbed6a87c1382f4ff31f92f20f5"}, {"path": "dist/docs/interfaces/LoggerTrait.html", "contentEncoding": "identity", "contentType": "text/html", "hash": "087b44af42526e59991065d939daa50c"}, {"path": "dist/docs/classes/Contracts.Unresolved.html", "contentEncoding": "identity", "contentType": "text/html", "hash": "bbfeb3716841f32473f280e9fab0e009"}, {"path": "dist/docs/classes/Projects.ProjectSummaryView.html", "contentEncoding": "identity", "contentType": "text/html", "hash": "8d7df61a9f052718191e7819819a5a25"}, {"path": "dist/docs/classes/Projects.Environment.html", "contentEncoding": "identity", "contentType": "text/html", "hash": "3d94d763924ded205fbfaae30fbde664"}, {"path": "dist/docs/classes/Configurations.JsCode.html", "contentEncoding": "identity", "contentType": "text/html", "hash": "77b7e5da15a97d9b75c0221b3cea6c27"}, {"path": "dist/docs/classes/Connections.Connection.html", "contentEncoding": "identity", "contentType": "text/html", "hash": "ae7a3d728612a7aed26e79479eb1b92d"}, {"path": "dist/docs/classes/Deployers.InnerObservablesPool.html", "contentEncoding": "identity", "contentType": "text/html", "hash": "ce5f7a401456eebf4131c788de7c9a8a"}, {"path": "dist/docs/classes/Configurations.Any.html", "contentEncoding": "identity", "contentType": "text/html", "hash": "6540fb0f6b97a5a704c4d13af0c834d8"}, {"path": "dist/docs/classes/Projects.ProjectState.html", "contentEncoding": "identity", "contentType": "text/html", "hash": "8af902b3720aa1d39e2db0ce3604bf9a"}, {"path": "dist/docs/classes/Deployers.InstancePoolWorker.html", "contentEncoding": "identity", "contentType": "text/html", "hash": "fb639c613eab2fa821be3d3793a2ad14"}, {"path": "dist/docs/classes/Configurations.String.html", "contentEncoding": "identity", "contentType": "text/html", "hash": "da6209bb3888439663363b97018b4ae7"}, {"path": "dist/docs/classes/Modules.Implementation.html", "contentEncoding": "identity", "contentType": "text/html", "hash": "e0d2330f52ffebfe06a5ba5f0db9eef3"}, {"path": "dist/docs/classes/Configurations.Integer.html", "contentEncoding": "identity", "contentType": "text/html", "hash": "3a3b95c5ac84c78263ca88647b52c0ef"}, {"path": "dist/docs/classes/Configurations.AnyObject.html", "contentEncoding": "identity", "contentType": "text/html", "hash": "7fbbb7211c1a12f6c038b874e79ff184"}, {"path": "dist/docs/classes/Configurations.Boolean.html", "contentEncoding": "identity", "contentType": "text/html", "hash": "7181ea22f405e3c722ccb87f63fdf1ee"}, {"path": "dist/docs/classes/Modules.Module.html", "contentEncoding": "identity", "contentType": "text/html", "hash": "027396cd92589985c8f002bfea718e7f"}, {"path": "dist/docs/classes/Projects.JsCell.html", "contentEncoding": "identity", "contentType": "text/html", "hash": "1e6cb228f7c95005250c009ca396f6e2"}, {"path": "dist/docs/classes/Contracts.Fulfilled.html", "contentEncoding": "identity", "contentType": "text/html", "hash": "765e55567f8308bb0eff6ffb800f7576"}, {"path": "dist/docs/classes/Projects.BatchCells.html", "contentEncoding": "identity", "contentType": "text/html", "hash": "336f8f8a2755f6919f702f54b964d604"}, {"path": "dist/docs/classes/Workflows.Layer.html", "contentEncoding": "identity", "contentType": "text/html", "hash": "2139110744378d98ed1ab834071d54bc"}, {"path": "dist/docs/classes/Deployers.Inspector.html", "contentEncoding": "identity", "contentType": "text/html", "hash": "0c55034e4379959bb79652581c8a6add"}, {"path": "dist/docs/classes/Configurations.StringLiteral.html", "contentEncoding": "identity", "contentType": "text/html", "hash": "2cb381970c6627e7cc56dca40c24cd5c"}, {"path": "dist/docs/classes/Contracts.Rejected.html", "contentEncoding": "identity", "contentType": "text/html", "hash": "7351bda7cdcc2d31ae701dc33296e6d8"}, {"path": "dist/docs/classes/Configurations.CustomAttribute.html", "contentEncoding": "identity", "contentType": "text/html", "hash": "4cd548d7dbb79a4e448ecde7ddfefc9b"}, {"path": "dist/docs/classes/Modules.OutputSlot.html", "contentEncoding": "identity", "contentType": "text/html", "hash": "c3c45408c32d078f33c08a837eb55676"}, {"path": "dist/docs/classes/Deployers.InstancePool.html", "contentEncoding": "identity", "contentType": "text/html", "hash": "6f43e8760cda28d42f5fc173839a3fff"}, {"path": "dist/docs/classes/Configurations.Float.html", "contentEncoding": "identity", "contentType": "text/html", "hash": "489e74633c3cf561e43f99f39468a532"}, {"path": "dist/docs/classes/ExecutionJournal.html", "contentEncoding": "identity", "contentType": "text/html", "hash": "ba6f27ed78b51386f81b40d4380417f3"}, {"path": "dist/docs/classes/Modules.InputSlot.html", "contentEncoding": "identity", "contentType": "text/html", "hash": "afcec241ed05a9359a00b151090c5648"}, {"path": "dist/docs/variables/Deployers.NotAvailableMessage_.html", "contentEncoding": "identity", "contentType": "text/html", "hash": "f0142babcc74ec1b1b7df54d65bf8eec"}, {"path": "dist/docs/variables/Contracts.ofUnknown.html", "contentEncoding": "identity", "contentType": "text/html", "hash": "2d6ef22268542d0206bd4631dda25526"}, {"path": "dist/docs/variables/Deployers.NotAvailableMessage.html", "contentEncoding": "identity", "contentType": "text/html", "hash": "76d73eee8b7868f8d094271950c1d2bd"}, {"path": "dist/docs/variables/Macros.macroToolbox.html", "contentEncoding": "identity", "contentType": "text/html", "hash": "d04f5e8e6d0d51135f8593549e66f30f"}, {"path": "dist/docs/variables/Projects.basePathDoc.html", "contentEncoding": "identity", "contentType": "text/html", "hash": "e872429c14caff58c1bdfea09c7c4bf8"}, {"path": "dist/docs/variables/Projects.defaultViewsFactory.html", "contentEncoding": "identity", "contentType": "text/html", "hash": "7203b42ccf6804085c2c87e6b2a7a53f"}, {"path": "dist/docs/variables/setup.html", "contentEncoding": "identity", "contentType": "text/html", "hash": "41600ee945c675f453fd60201593ab07"}, {"path": "dist/docs/variables/Projects.customModulesToolbox.html", "contentEncoding": "identity", "contentType": "text/html", "hash": "6fd53262b16c0bafbf5f923d116a020c"}, {"path": "dist/docs/variables/Macros.defaultMacroConfig.html", "contentEncoding": "identity", "contentType": "text/html", "hash": "930293d6257aab39b5583a2dfe15fba8"}, {"path": "coverage/coverage-final.json", "contentEncoding": "identity", "contentType": "application/json", "hash": "0b2dbaf8cb6c8036c516c3539dc96aac"}, {"path": "coverage/clover.xml", "contentEncoding": "identity", "contentType": "application/octet-stream", "hash": "fc3bcee719ce41b4f778055de63e11ec"}, {"path": "coverage/lcov.info", "contentEncoding": "identity", "contentType": "application/octet-stream", "hash": "ebf52c318e6ca5346c865407223023b9"}, {"path": "coverage/lcov-report/block-navigation.js", "contentEncoding": "br", "contentType": "application/javascript;charset=UTF-8", "hash": "e3e16775ec854aa3ef7fadd09056943c"}, {"path": "coverage/lcov-report/prettify.css", "contentEncoding": "br", "contentType": "text/css", "hash": "31f0c9da5ac09f2563cab46ebc6e445a"}, {"path": "coverage/lcov-report/prettify.js", "contentEncoding": "br", "contentType": "application/javascript;charset=UTF-8", "hash": "6051903a2f7363ee232a01bd32f60b6a"}, {"path": "coverage/lcov-report/base.css", "contentEncoding": "br", "contentType": "text/css", "hash": "899ea8483c28270ca7835460bdd4da33"}, {"path": "coverage/lcov-report/sort-arrow-sprite.png", "contentEncoding": "identity", "contentType": "image/png", "hash": "fd08a5625d21e34b1d6d9c026f2728a9"}, {"path": "coverage/lcov-report/favicon.png", "contentEncoding": "identity", "contentType": "image/png", "hash": "8c814a46f24208d0bc459bb2cf8b7b88"}, {"path": "coverage/lcov-report/sorter.js", "contentEncoding": "br", "contentType": "application/javascript;charset=UTF-8", "hash": "24cab317b3dc4f1852a276d6152ac6fe"}, {"path": "coverage/lcov-report/index.html", "contentEncoding": "identity", "contentType": "text/html", "hash": "abe7723390f9738801a41ed6f52f90b7"}, {"path": "coverage/lcov-report/lib/index.ts.html", "contentEncoding": "identity", "contentType": "text/html", "hash": "8c1006879382b72a2aa1b870e24412df"}, {"path": "coverage/lcov-report/lib/environment.ts.html", "contentEncoding": "identity", "contentType": "text/html", "hash": "73ebb545a7e03ad66ea792c1918c7107"}, {"path": "coverage/lcov-report/lib/index.html", "contentEncoding": "identity", "contentType": "text/html", "hash": "bc458c1a023bce03f03c35182d9f69dd"}, {"path": "coverage/lcov-report/lib/contracts/contract.ts.html", "contentEncoding": "identity", "contentType": "text/html", "hash": "99e77994efa77584ced19bab2b7bdc0e"}, {"path": "coverage/lcov-report/lib/contracts/index.ts.html", "contentEncoding": "identity", "contentType": "text/html", "hash": "eb460ef2e46438d64d09eabd3a6f9148"}, {"path": "coverage/lcov-report/lib/contracts/index.html", "contentEncoding": "identity", "contentType": "text/html", "hash": "20769ac13d41cf12c3142c7356a0232e"}, {"path": "coverage/lcov-report/lib/macros/macro-workers.ts.html", "contentEncoding": "identity", "contentType": "text/html", "hash": "3493efd2ab747c07b151f02ed6c26249"}, {"path": "coverage/lcov-report/lib/macros/inner-observables-pool.ts.html", "contentEncoding": "identity", "contentType": "text/html", "hash": "7379e3bf5b8ca12dc9f621b57b728b94"}, {"path": "coverage/lcov-report/lib/macros/macros-pool-state.ts.html", "contentEncoding": "identity", "contentType": "text/html", "hash": "a2d5a55e884b6679e8c9837ef0b1e4ee"}, {"path": "coverage/lcov-report/lib/macros/macro.ts.html", "contentEncoding": "identity", "contentType": "text/html", "hash": "4cb756570f288058161e7e665e7adb25"}, {"path": "coverage/lcov-report/lib/macros/index.ts.html", "contentEncoding": "identity", "contentType": "text/html", "hash": "650abca6d61539f8355078f2fb30a17e"}, {"path": "coverage/lcov-report/lib/macros/index.html", "contentEncoding": "identity", "contentType": "text/html", "hash": "623884d356b993106c1ab653d6022044"}, {"path": "coverage/lcov-report/lib/macros/inner-macros-pool.ts.html", "contentEncoding": "identity", "contentType": "text/html", "hash": "f6bffe25217f67858a10d3fb51423583"}, {"path": "coverage/lcov-report/lib/project/workers-pool.models.d.ts.html", "contentEncoding": "identity", "contentType": "text/html", "hash": "3bda739ca9206f212accbdc7a667315a"}, {"path": "coverage/lcov-report/lib/project/macro-workers.ts.html", "contentEncoding": "identity", "contentType": "text/html", "hash": "ac1391f078e83b71b4cc7a8e3a271309"}, {"path": "coverage/lcov-report/lib/project/inner-macro-pool.ts.html", "contentEncoding": "identity", "contentType": "text/html", "hash": "82743b35a4bc9377953a81a03f91078e"}, {"path": "coverage/lcov-report/lib/project/project.ts.html", "contentEncoding": "identity", "contentType": "text/html", "hash": "55103224e8117b8ba21a2a447281f262"}, {"path": "coverage/lcov-report/lib/project/workflow.ts.html", "contentEncoding": "identity", "contentType": "text/html", "hash": "ddb748cbbd869a13e2a1d5f75ab18e80"}, {"path": "coverage/lcov-report/lib/project/macro.ts.html", "contentEncoding": "identity", "contentType": "text/html", "hash": "ca642229b008354084a33095da2ed912"}, {"path": "coverage/lcov-report/lib/project/instance-pool.ts.html", "contentEncoding": "identity", "contentType": "text/html", "hash": "7e7b8b81e11ee7646d7718cc307a9ac9"}, {"path": "coverage/lcov-report/lib/project/parsing-utils.ts.html", "contentEncoding": "identity", "contentType": "text/html", "hash": "c4dcd144a90034f5d90dbf33bcc732f9"}, {"path": "coverage/lcov-report/lib/project/models.ts.html", "contentEncoding": "identity", "contentType": "text/html", "hash": "95fc7d1698fad509890e0af131cc25a5"}, {"path": "coverage/lcov-report/lib/project/workers-pool.models.ts.html", "contentEncoding": "identity", "contentType": "text/html", "hash": "b7f2f187aba2207197a0ebbe81548abb"}, {"path": "coverage/lcov-report/lib/project/index.ts.html", "contentEncoding": "identity", "contentType": "text/html", "hash": "bcda0f9eeb603ce7092e3d1cb58d43a0"}, {"path": "coverage/lcov-report/lib/project/project-cell.ts.html", "contentEncoding": "identity", "contentType": "text/html", "hash": "20e7fdd1991bfba0c4ff480872f79f5c"}, {"path": "coverage/lcov-report/lib/project/environment.ts.html", "contentEncoding": "identity", "contentType": "text/html", "hash": "a1d3a13facd35963963fa571ada77429"}, {"path": "coverage/lcov-report/lib/project/index.html", "contentEncoding": "identity", "contentType": "text/html", "hash": "435f489c744cb7ec9a26cdff0e9896f4"}, {"path": "coverage/lcov-report/lib/project/views.ts.html", "contentEncoding": "identity", "contentType": "text/html", "hash": "48d03c45d94414648d083bc16727c51f"}, {"path": "coverage/lcov-report/lib/project/inner-macros-pool.ts.html", "contentEncoding": "identity", "contentType": "text/html", "hash": "441b79670600ac5add1f56e13bc5fb3f"}, {"path": "coverage/lcov-report/lib/configurations/traits.ts.html", "contentEncoding": "identity", "contentType": "text/html", "hash": "51d21eb35d4d9fa146bb119a6f126cef"}, {"path": "coverage/lcov-report/lib/configurations/configuration.ts.html", "contentEncoding": "identity", "contentType": "text/html", "hash": "2b1ad8b91d380610708d19ed308a3286"}, {"path": "coverage/lcov-report/lib/configurations/index.ts.html", "contentEncoding": "identity", "contentType": "text/html", "hash": "309518b880f0a9cd75470eb6ff739644"}, {"path": "coverage/lcov-report/lib/configurations/index.html", "contentEncoding": "identity", "contentType": "text/html", "hash": "905ee6e0ed5ae691b2fcd77278304ab0"}, {"path": "coverage/lcov-report/lib/configurations/attributes.ts.html", "contentEncoding": "identity", "contentType": "text/html", "hash": "634e4ff1f8c432e9317d50fc7771f579"}, {"path": "coverage/lcov-report/lib/common/utils.ts.html", "contentEncoding": "identity", "contentType": "text/html", "hash": "c0b8bc25a38342ba2e0eb34b9344d8fe"}, {"path": "coverage/lcov-report/lib/common/types-domain.ts.html", "contentEncoding": "identity", "contentType": "text/html", "hash": "332f0b5cfddd89e2295b9fe05f01bb2f"}, {"path": "coverage/lcov-report/lib/common/traits.ts.html", "contentEncoding": "identity", "contentType": "text/html", "hash": "54a0b130ce5a44faffaf97d9c06e2a20"}, {"path": "coverage/lcov-report/lib/common/journal.ts.html", "contentEncoding": "identity", "contentType": "text/html", "hash": "12ae0ff78e98d20b5cc014d5835954f4"}, {"path": "coverage/lcov-report/lib/common/types.ts.html", "contentEncoding": "identity", "contentType": "text/html", "hash": "e059f276f4b8616fce69d3d00c4dc996"}, {"path": "coverage/lcov-report/lib/common/index.ts.html", "contentEncoding": "identity", "contentType": "text/html", "hash": "773ed30ed52c8a468dec7e5e9cee174e"}, {"path": "coverage/lcov-report/lib/common/index.html", "contentEncoding": "identity", "contentType": "text/html", "hash": "d8cafc9f56b327456ebfcd120f9dc260"}, {"path": "coverage/lcov-report/lib/modules/module.ts.html", "contentEncoding": "identity", "contentType": "text/html", "hash": "2e99c5592e1b5a8abc7488f4f11d0dfc"}, {"path": "coverage/lcov-report/lib/modules/traits.ts.html", "contentEncoding": "identity", "contentType": "text/html", "hash": "42a44beebd3d1d8862eec2f17edfb941"}, {"path": "coverage/lcov-report/lib/modules/connection.ts.html", "contentEncoding": "identity", "contentType": "text/html", "hash": "05405be929a49a13d33c17e97639d867"}, {"path": "coverage/lcov-report/lib/modules/index.ts.html", "contentEncoding": "identity", "contentType": "text/html", "hash": "96c82c263a2beda134ce3bd789753800"}, {"path": "coverage/lcov-report/lib/modules/index.html", "contentEncoding": "identity", "contentType": "text/html", "hash": "d20597b245274c854401d2db93a3aae6"}, {"path": "coverage/lcov-report/lib/modules/attributes.ts.html", "contentEncoding": "identity", "contentType": "text/html", "hash": "2fb3caca1258fbcd4120a07ee51cc039"}, {"path": "coverage/lcov-report/lib/modules/connector.ts.html", "contentEncoding": "identity", "contentType": "text/html", "hash": "87f3142213fb65cdc96a3a839716d7de"}, {"path": "coverage/lcov-report/lib/connections/connection.ts.html", "contentEncoding": "identity", "contentType": "text/html", "hash": "2354b8ff0a499d9cb279fdb6d88d8225"}, {"path": "coverage/lcov-report/lib/connections/index.ts.html", "contentEncoding": "identity", "contentType": "text/html", "hash": "29e37672764dbb5ff3c6786e1875004c"}, {"path": "coverage/lcov-report/lib/connections/index.html", "contentEncoding": "identity", "contentType": "text/html", "hash": "1c3fcab8880391fb70c54eb31f3cb4d1"}, {"path": "coverage/lcov-report/lib/workflows/layer.ts.html", "contentEncoding": "identity", "contentType": "text/html", "hash": "0a40425d43a7a1c8616a3ac8f6240b64"}, {"path": "coverage/lcov-report/lib/workflows/workflow.ts.html", "contentEncoding": "identity", "contentType": "text/html", "hash": "49dcc68cc7524ffd577a9b9e7c7dbe6e"}, {"path": "coverage/lcov-report/lib/workflows/index.ts.html", "contentEncoding": "identity", "contentType": "text/html", "hash": "d2afb5ccece69b52a03a6315888d3f3b"}, {"path": "coverage/lcov-report/lib/workflows/index.html", "contentEncoding": "identity", "contentType": "text/html", "hash": "7e1d69baa2d48d8f9d39402fef820bab"}, {"path": "coverage/lcov-report/lib/deployers/utils.ts.html", "contentEncoding": "identity", "contentType": "text/html", "hash": "88e321e68bc5d16b20231f02b7e80bbc"}, {"path": "coverage/lcov-report/lib/deployers/instance-pool-worker.ts.html", "contentEncoding": "identity", "contentType": "text/html", "hash": "5e8fd9a9a09b9f4eb26f5e9db18fd4e7"}, {"path": "coverage/lcov-report/lib/deployers/inner-observables-pool.ts.html", "contentEncoding": "identity", "contentType": "text/html", "hash": "6cd7e47dd9321c68515de6b7d392504b"}, {"path": "coverage/lcov-report/lib/deployers/instance-pool.ts.html", "contentEncoding": "identity", "contentType": "text/html", "hash": "c6b62755a39d7ca31928dfd4c22536dd"}, {"path": "coverage/lcov-report/lib/deployers/models.ts.html", "contentEncoding": "identity", "contentType": "text/html", "hash": "359d4a133bfa5bb8e8de694f19f48ec4"}, {"path": "coverage/lcov-report/lib/deployers/in-worker.ts.html", "contentEncoding": "identity", "contentType": "text/html", "hash": "5d8d294b96d5485a689459b74af78ea1"}, {"path": "coverage/lcov-report/lib/deployers/index.ts.html", "contentEncoding": "identity", "contentType": "text/html", "hash": "3f88de5c52c7f7450fedcc63572419fc"}, {"path": "coverage/lcov-report/lib/deployers/index.html", "contentEncoding": "identity", "contentType": "text/html", "hash": "4071a09a76e1fc97b5f64def251bf157"}, {"path": "coverage/lcov-report/lib/project/workers/utils.ts.html", "contentEncoding": "identity", "contentType": "text/html", "hash": "0578bd5496960bc055dfc2b6bff1e24d"}, {"path": "coverage/lcov-report/lib/project/workers/macro-workers.ts.html", "contentEncoding": "identity", "contentType": "text/html", "hash": "f43cd4572a54b4ee8a503b96d5b3372f"}, {"path": "coverage/lcov-report/lib/project/workers/instance-pool-worker.ts.html", "contentEncoding": "identity", "contentType": "text/html", "hash": "d2257e293f632371f9c50865a3529f62"}, {"path": "coverage/lcov-report/lib/project/workers/models.ts.html", "contentEncoding": "identity", "contentType": "text/html", "hash": "dc8d5eb9174c627a0616075bdaee9cc3"}, {"path": "coverage/lcov-report/lib/project/workers/in-worker.ts.html", "contentEncoding": "identity", "contentType": "text/html", "hash": "4df8b7356e1eb8ace4dc1ef1f77709f7"}, {"path": "coverage/lcov-report/lib/project/workers/index.ts.html", "contentEncoding": "identity", "contentType": "text/html", "hash": "758b3e0bbe4f6597dd0f5887935abe6e"}, {"path": "coverage/lcov-report/lib/project/workers/index.html", "contentEncoding": "identity", "contentType": "text/html", "hash": "5e914723865cc0d11209b150351f234e"}, {"path": "coverage/lcov-report/lib/common/configurations/configuration.ts.html", "contentEncoding": "identity", "contentType": "text/html", "hash": "a07d0aa114664dfc2c55bbf98c0d8873"}, {"path": "coverage/lcov-report/lib/common/configurations/index.ts.html", "contentEncoding": "identity", "contentType": "text/html", "hash": "d06f4f30d49f2a80a272c4456a27b51a"}, {"path": "coverage/lcov-report/lib/common/configurations/index.html", "contentEncoding": "identity", "contentType": "text/html", "hash": "6aeb99087ed73a64f0184f6b7a81023b"}, {"path": "coverage/lcov-report/lib/common/configurations/attributes.ts.html", "contentEncoding": "identity", "contentType": "text/html", "hash": "904d5957b7f5acdc88f9657581223c29"}, {"path": "coverage/lcov-report/lib/modules/configurations/configuration.ts.html", "contentEncoding": "identity", "contentType": "text/html", "hash": "5487c130e038e45cf6a30829a221c88a"}, {"path": "coverage/lcov-report/lib/modules/configurations/index.ts.html", "contentEncoding": "identity", "contentType": "text/html", "hash": "f031cf203ba67f5eb20c99217a248441"}, {"path": "coverage/lcov-report/lib/modules/configurations/index.html", "contentEncoding": "identity", "contentType": "text/html", "hash": "c9697e9038b8a4416839b119ab80772a"}, {"path": "coverage/lcov-report/lib/modules/configurations/attributes.ts.html", "contentEncoding": "identity", "contentType": "text/html", "hash": "775253b6dcb29fd849915e29f82be68d"}, {"path": "coverage/lcov-report/lib/modules/IOs/slot.ts.html", "contentEncoding": "identity", "contentType": "text/html", "hash": "238cbaae52ec06c52fd820989ef96327"}, {"path": "coverage/lcov-report/lib/modules/IOs/contract.ts.html", "contentEncoding": "identity", "contentType": "text/html", "hash": "b789dec207768001beafa2472b468d78"}, {"path": "coverage/lcov-report/lib/modules/IOs/index.ts.html", "contentEncoding": "identity", "contentType": "text/html", "hash": "3095925e84d711430e600a21e71b5a4d"}, {"path": "coverage/lcov-report/lib/modules/IOs/index.html", "contentEncoding": "identity", "contentType": "text/html", "hash": "98f79be5ab784f863d31641c3cdd2dba"}]}