{"date": "2024-10-04T09:01:40.390740", "ywVersion": "0.1.13.dev", "files": [{"path": "package.json", "contentEncoding": "identity", "contentType": "application/json", "hash": "baddad71bbe0a9eb9a63d0d5a2c4bff3"}, {"path": "dist/webpack.config.d.ts", "contentEncoding": "identity", "contentType": "application/octet-stream", "hash": "7d1d390bf2a3052b887909ca262405df"}, {"path": "dist/bundle-analysis.html", "contentEncoding": "identity", "contentType": "text/html", "hash": "1343d056f533d22d4323deadb788ae6f"}, {"path": "dist/jest.config.d.ts", "contentEncoding": "identity", "contentType": "application/octet-stream", "hash": "2f0aa004b15580a7bcb1fafdae112d27"}, {"path": "dist/rx-vdom-config.d.ts", "contentEncoding": "identity", "contentType": "application/octet-stream", "hash": "9802d08a55ab751dd118382e440b1ae4"}, {"path": "src/index.ts", "contentEncoding": "identity", "contentType": "application/octet-stream", "hash": "2c376c50680d168362d70409da235f2a"}, {"path": "src/auto-generated.ts", "contentEncoding": "identity", "contentType": "application/octet-stream", "hash": "e9201dceb030c23d77c9c422e09c62b9"}, {"path": "dist/@youwol/vsf-core.js", "contentEncoding": "br", "contentType": "application/javascript;charset=UTF-8", "hash": "3efd09da3db3550a365870fd7a4c236f"}, {"path": "dist/@youwol/vsf-core.js.map", "contentEncoding": "br", "contentType": "application/javascript;charset=UTF-8", "hash": "59e7b2ff319505cc386e8f27a955f39a"}, {"path": "dist/src/index.d.ts", "contentEncoding": "identity", "contentType": "application/octet-stream", "hash": "233fa10ad970f8492de4a7ee58b9669e"}, {"path": "dist/src/auto-generated.d.ts", "contentEncoding": "identity", "contentType": "application/octet-stream", "hash": "25ce7395685a9b5729deeaa21ffb2f7d"}, {"path": "dist/src/lib/index.d.ts", "contentEncoding": "identity", "contentType": "application/octet-stream", "hash": "a237bce837e309c7f4a6db2b828a0d76"}, {"path": "dist/src/tests/test.utils.d.ts", "contentEncoding": "identity", "contentType": "application/octet-stream", "hash": "ff13f26b48625f648167fd52ea525b9f"}, {"path": "dist/src/tests/mock-requests.d.ts", "contentEncoding": "identity", "contentType": "application/octet-stream", "hash": "f6eb17fc136db20ec9d470f25d43b51b"}, {"path": "dist/src/tests/configuration.test.d.ts", "contentEncoding": "identity", "contentType": "application/octet-stream", "hash": "e2ebd7ddedcadeeadbf819c35985c768"}, {"path": "dist/src/tests/workers.test.d.ts", "contentEncoding": "identity", "contentType": "application/octet-stream", "hash": "e2ebd7ddedcadeeadbf819c35985c768"}, {"path": "dist/src/tests/types.test.d.ts", "contentEncoding": "identity", "contentType": "application/octet-stream", "hash": "e2ebd7ddedcadeeadbf819c35985c768"}, {"path": "dist/src/tests/errors.test.d.ts", "contentEncoding": "identity", "contentType": "application/octet-stream", "hash": "e2ebd7ddedcadeeadbf819c35985c768"}, {"path": "dist/src/tests/macros-pool-state.test.d.ts", "contentEncoding": "identity", "contentType": "application/octet-stream", "hash": "e2ebd7ddedcadeeadbf819c35985c768"}, {"path": "dist/src/tests/project-parse.test.d.ts", "contentEncoding": "identity", "contentType": "application/octet-stream", "hash": "e2ebd7ddedcadeeadbf819c35985c768"}, {"path": "dist/src/tests/execution.test.d.ts", "contentEncoding": "identity", "contentType": "application/octet-stream", "hash": "e2ebd7ddedcadeeadbf819c35985c768"}, {"path": "dist/src/tests/project-cell.test.d.ts", "contentEncoding": "identity", "contentType": "application/octet-stream", "hash": "e2ebd7ddedcadeeadbf819c35985c768"}, {"path": "dist/src/tests/project-layers.test.d.ts", "contentEncoding": "identity", "contentType": "application/octet-stream", "hash": "e2ebd7ddedcadeeadbf819c35985c768"}, {"path": "dist/src/tests/environment.test.d.ts", "contentEncoding": "identity", "contentType": "application/octet-stream", "hash": "e2ebd7ddedcadeeadbf819c35985c768"}, {"path": "dist/src/tests/macro.test.d.ts", "contentEncoding": "identity", "contentType": "application/octet-stream", "hash": "e2ebd7ddedcadeeadbf819c35985c768"}, {"path": "dist/src/tests/toolbox.d.ts", "contentEncoding": "identity", "contentType": "application/octet-stream", "hash": "9cb22af365ab96aa29321235f48fd833"}, {"path": "dist/src/tests/layer.test.d.ts", "contentEncoding": "identity", "contentType": "application/octet-stream", "hash": "e2ebd7ddedcadeeadbf819c35985c768"}, {"path": "dist/src/tests/views.test.d.ts", "contentEncoding": "identity", "contentType": "application/octet-stream", "hash": "e2ebd7ddedcadeeadbf819c35985c768"}, {"path": "dist/src/tests/connection.test.d.ts", "contentEncoding": "identity", "contentType": "application/octet-stream", "hash": "e2ebd7ddedcadeeadbf819c35985c768"}, {"path": "dist/src/tests/attributes.test.d.ts", "contentEncoding": "identity", "contentType": "application/octet-stream", "hash": "e2ebd7ddedcadeeadbf819c35985c768"}, {"path": "dist/src/tests/workers.module.test.d.ts", "contentEncoding": "identity", "contentType": "application/octet-stream", "hash": "e2ebd7ddedcadeeadbf819c35985c768"}, {"path": "dist/src/tests/contract.test.d.ts", "contentEncoding": "identity", "contentType": "application/octet-stream", "hash": "4e7e33f4a1c47f0c9a5583fcd54db22d"}, {"path": "dist/src/tests/modules.test.d.ts", "contentEncoding": "identity", "contentType": "application/octet-stream", "hash": "e2ebd7ddedcadeeadbf819c35985c768"}, {"path": "dist/src/lib/contracts/contract.d.ts", "contentEncoding": "identity", "contentType": "application/octet-stream", "hash": "b3cba0982cab74b424ac7181d79940ad"}, {"path": "dist/src/lib/contracts/index.d.ts", "contentEncoding": "identity", "contentType": "application/octet-stream", "hash": "c2d61a1a1f2e08dbc05ba7b95fe5638c"}, {"path": "dist/src/lib/macros/macro.d.ts", "contentEncoding": "identity", "contentType": "application/octet-stream", "hash": "2a3205c29aad0613a2427f8de4c22c54"}, {"path": "dist/src/lib/macros/index.d.ts", "contentEncoding": "identity", "contentType": "application/octet-stream", "hash": "5556cf211d55d19b1c047df3c493c198"}, {"path": "dist/src/lib/macros/macro-workers.d.ts", "contentEncoding": "identity", "contentType": "application/octet-stream", "hash": "407cda71250ddfa507d4570ade6ec12a"}, {"path": "dist/src/lib/project/project.d.ts", "contentEncoding": "identity", "contentType": "application/octet-stream", "hash": "77fe6ff3e33e789e6a9ef629cfdb9c4a"}, {"path": "dist/src/lib/project/project-cell.d.ts", "contentEncoding": "identity", "contentType": "application/octet-stream", "hash": "c8372b6af35aff58ab0c20fe336a902b"}, {"path": "dist/src/lib/project/views.d.ts", "contentEncoding": "identity", "contentType": "application/octet-stream", "hash": "9d2959f7f1269541333f91c2f48297b2"}, {"path": "dist/src/lib/project/parsing-utils.d.ts", "contentEncoding": "identity", "contentType": "application/octet-stream", "hash": "e56a73f7e4ce70ca5daf66f3451902a7"}, {"path": "dist/src/lib/project/environment.d.ts", "contentEncoding": "identity", "contentType": "application/octet-stream", "hash": "79811cf2968c7aab46da7b927688038d"}, {"path": "dist/src/lib/project/index.d.ts", "contentEncoding": "identity", "contentType": "application/octet-stream", "hash": "2f9f65461d8b77ebf7972c4a7acc8a2d"}, {"path": "dist/src/lib/project/models.d.ts", "contentEncoding": "identity", "contentType": "application/octet-stream", "hash": "0fd91d8e2cd07d693aa8331c2fd4feca"}, {"path": "dist/src/lib/configurations/configuration.d.ts", "contentEncoding": "identity", "contentType": "application/octet-stream", "hash": "df7195498a81efaf23d565100ede1e58"}, {"path": "dist/src/lib/configurations/attributes.d.ts", "contentEncoding": "identity", "contentType": "application/octet-stream", "hash": "2a484ae08f74846a521f5d0785c2621b"}, {"path": "dist/src/lib/configurations/traits.d.ts", "contentEncoding": "identity", "contentType": "application/octet-stream", "hash": "d23784bc1cf98c131f84f3ddf4d3f8d1"}, {"path": "dist/src/lib/configurations/index.d.ts", "contentEncoding": "identity", "contentType": "application/octet-stream", "hash": "b79e829c9a50fda9cba97638c1e2d623"}, {"path": "dist/src/lib/common/types.d.ts", "contentEncoding": "identity", "contentType": "application/octet-stream", "hash": "d13a96141a45ffd44d8394a82c415fd3"}, {"path": "dist/src/lib/common/utils.d.ts", "contentEncoding": "identity", "contentType": "application/octet-stream", "hash": "fbf4b51beeb64e7d6c5eeee52d8450ab"}, {"path": "dist/src/lib/common/types-domain.d.ts", "contentEncoding": "identity", "contentType": "application/octet-stream", "hash": "399a74e24329aeb3069e127112fc7163"}, {"path": "dist/src/lib/common/traits.d.ts", "contentEncoding": "identity", "contentType": "application/octet-stream", "hash": "761cf9a8a69d5e07466a72327e5e6aca"}, {"path": "dist/src/lib/common/index.d.ts", "contentEncoding": "identity", "contentType": "application/octet-stream", "hash": "e7fc42a93161b25c977e77ec322ec979"}, {"path": "dist/src/lib/common/journal.d.ts", "contentEncoding": "identity", "contentType": "application/octet-stream", "hash": "bf6a5cfcd917ea9f07db5ea7ac627c9c"}, {"path": "dist/src/lib/modules/attributes.d.ts", "contentEncoding": "identity", "contentType": "application/octet-stream", "hash": "96a18066160f38911d1bf94290854189"}, {"path": "dist/src/lib/modules/module.d.ts", "contentEncoding": "identity", "contentType": "application/octet-stream", "hash": "f20033204113d84031fbb8e64aaf0244"}, {"path": "dist/src/lib/modules/connector.d.ts", "contentEncoding": "identity", "contentType": "application/octet-stream", "hash": "3d94f19495861a4e0a731e8024d65e33"}, {"path": "dist/src/lib/modules/traits.d.ts", "contentEncoding": "identity", "contentType": "application/octet-stream", "hash": "4c33e648a3eebeed1758af68ab7136c7"}, {"path": "dist/src/lib/modules/index.d.ts", "contentEncoding": "identity", "contentType": "application/octet-stream", "hash": "a687ebb507129628a407cebc81af630c"}, {"path": "dist/src/lib/connections/connection.d.ts", "contentEncoding": "identity", "contentType": "application/octet-stream", "hash": "458c40509488de698e0ece6fa6727555"}, {"path": "dist/src/lib/connections/index.d.ts", "contentEncoding": "identity", "contentType": "application/octet-stream", "hash": "221f2cf52e1cbbcdddbfcab2aecdefbf"}, {"path": "dist/src/lib/workflows/layer.d.ts", "contentEncoding": "identity", "contentType": "application/octet-stream", "hash": "4260920668cccbe1bad494d4bc657a3d"}, {"path": "dist/src/lib/workflows/index.d.ts", "contentEncoding": "identity", "contentType": "application/octet-stream", "hash": "23e15bcf184bfb8deb4aa0f3cca926a3"}, {"path": "dist/src/lib/deployers/utils.d.ts", "contentEncoding": "identity", "contentType": "application/octet-stream", "hash": "bfff3589349e6a9f3514f00d7ca01072"}, {"path": "dist/src/lib/deployers/in-worker.d.ts", "contentEncoding": "identity", "contentType": "application/octet-stream", "hash": "d3352d25b206be2f92963316c2179a0c"}, {"path": "dist/src/lib/deployers/instance-pool.d.ts", "contentEncoding": "identity", "contentType": "application/octet-stream", "hash": "1d8b6f81f811fbbc109327b560815289"}, {"path": "dist/src/lib/deployers/inner-observables-pool.d.ts", "contentEncoding": "identity", "contentType": "application/octet-stream", "hash": "73dab17b4d918e1107d9267aeab9744a"}, {"path": "dist/src/lib/deployers/instance-pool-worker.d.ts", "contentEncoding": "identity", "contentType": "application/octet-stream", "hash": "f2901bba2b644121f39557e9825872e0"}, {"path": "dist/src/lib/deployers/index.d.ts", "contentEncoding": "identity", "contentType": "application/octet-stream", "hash": "a9013592e9ff8fd77ae9865219337902"}, {"path": "dist/src/lib/deployers/models.d.ts", "contentEncoding": "identity", "contentType": "application/octet-stream", "hash": "cb12bdf805b5a6ccd91c41c1e68f1846"}, {"path": "dist/src/lib/modules/IOs/slot.d.ts", "contentEncoding": "identity", "contentType": "application/octet-stream", "hash": "34d7b58735285d5333caffb35c5ec06a"}, {"path": "dist/src/lib/modules/IOs/index.d.ts", "contentEncoding": "identity", "contentType": "application/octet-stream", "hash": "ba2f23f917299f1fe4a0b9b2096d38c5"}, {"path": "dist/src/tests/modules-implementation/console.module.d.ts", "contentEncoding": "identity", "contentType": "application/octet-stream", "hash": "eb93eef4624c87f3662e1c24e18de887"}, {"path": "dist/src/tests/modules-implementation/take.module.d.ts", "contentEncoding": "identity", "contentType": "application/octet-stream", "hash": "fe2cc18b86a3a8b0f5c5571765c6fa7f"}, {"path": "dist/src/tests/modules-implementation/map.module.d.ts", "contentEncoding": "identity", "contentType": "application/octet-stream", "hash": "ab43e0ea9de47b827a49ae490bd88d24"}, {"path": "dist/src/tests/modules-implementation/filter.module.d.ts", "contentEncoding": "identity", "contentType": "application/octet-stream", "hash": "73937b300c0caa975287641be623a450"}, {"path": "dist/src/tests/modules-implementation/delay-when.module.d.ts", "contentEncoding": "identity", "contentType": "application/octet-stream", "hash": "b6b5073d3a3c9e6e240d7aaed8af6f5d"}, {"path": "dist/src/tests/modules-implementation/of.module.d.ts", "contentEncoding": "identity", "contentType": "application/octet-stream", "hash": "13a77ec2cd1f9a02bc0eb3ee21e5bddb"}, {"path": "dist/src/tests/modules-implementation/plot.module.d.ts", "contentEncoding": "identity", "contentType": "application/octet-stream", "hash": "258ae708f150645a5b0acb3eb8272831"}, {"path": "dist/src/tests/modules-implementation/merge-map.module.d.ts", "contentEncoding": "identity", "contentType": "application/octet-stream", "hash": "01c9ea8520e95db77e6b42116f5e539f"}, {"path": "dist/src/tests/modules-implementation/sphere.module.d.ts", "contentEncoding": "identity", "contentType": "application/octet-stream", "hash": "10f86cb646f22ea3766c202db55c7198"}, {"path": "dist/src/tests/modules-implementation/timer.module.d.ts", "contentEncoding": "identity", "contentType": "application/octet-stream", "hash": "a0e84fff2a8edbd366f59f701c4eac48"}, {"path": "dist/src/tests/modules-implementation/delay.module.d.ts", "contentEncoding": "identity", "contentType": "application/octet-stream", "hash": "7cbd4f80cc4f4e3c9ef14da2f0f63fe2"}, {"path": "dist/src/tests/modules-implementation/common.d.ts", "contentEncoding": "identity", "contentType": "application/octet-stream", "hash": "9592ef62ac08f486a75d3c0a203c5f0c"}, {"path": "dist/src/tests/modules-implementation/combine-latest.module.d.ts", "contentEncoding": "identity", "contentType": "application/octet-stream", "hash": "9671a9d6e65bf5c177938b38a77884db"}, {"path": "src/lib/index.ts", "contentEncoding": "identity", "contentType": "application/octet-stream", "hash": "7bd8c8df08e87fcf7f5e6d4d46bd81b1"}, {"path": "src/lib/contracts/index.ts", "contentEncoding": "identity", "contentType": "application/octet-stream", "hash": "b3e2c4078c625c9e404a4494121803f1"}, {"path": "src/lib/contracts/contract.ts", "contentEncoding": "identity", "contentType": "application/octet-stream", "hash": "25a295e82972daf32d29c3fd075e0ce0"}, {"path": "src/lib/macros/index.ts", "contentEncoding": "identity", "contentType": "application/octet-stream", "hash": "508b50dd65a35b683639bed6c97b1ef0"}, {"path": "src/lib/macros/macro-workers.ts", "contentEncoding": "identity", "contentType": "application/octet-stream", "hash": "f0f13fb27edf16570a5f2144bae34d00"}, {"path": "src/lib/macros/macro.ts", "contentEncoding": "identity", "contentType": "application/octet-stream", "hash": "318dd7e20c34b497d0dd2656c6ba8ec1"}, {"path": "src/lib/project/index.ts", "contentEncoding": "identity", "contentType": "application/octet-stream", "hash": "25ecbc45c21113d11e09f42bb93bdfdd"}, {"path": "src/lib/project/project.ts", "contentEncoding": "identity", "contentType": "application/octet-stream", "hash": "0448889b25072e18b1ad7124cddef693"}, {"path": "src/lib/project/models.ts", "contentEncoding": "identity", "contentType": "application/octet-stream", "hash": "2a7b820c7dea96c49e03e9eb9195052a"}, {"path": "src/lib/project/parsing-utils.ts", "contentEncoding": "identity", "contentType": "application/octet-stream", "hash": "6d4854f1a77faf1b58180ee16fb09edd"}, {"path": "src/lib/project/project-cell.ts", "contentEncoding": "identity", "contentType": "application/octet-stream", "hash": "c5e409d6b9ceb51b88ebc8c08769f498"}, {"path": "src/lib/project/views.ts", "contentEncoding": "identity", "contentType": "application/octet-stream", "hash": "8a0ffb49f6628e737ddc3da8fc068cc5"}, {"path": "src/lib/project/environment.ts", "contentEncoding": "identity", "contentType": "application/octet-stream", "hash": "ff7d7cfd705caf63004946e78751a581"}, {"path": "src/lib/configurations/index.ts", "contentEncoding": "identity", "contentType": "application/octet-stream", "hash": "c406d0497392dedb1440f454ebdfd09a"}, {"path": "src/lib/configurations/attributes.ts", "contentEncoding": "identity", "contentType": "application/octet-stream", "hash": "91ef0fa955859087c087a30fa5c21c59"}, {"path": "src/lib/configurations/configuration.ts", "contentEncoding": "identity", "contentType": "application/octet-stream", "hash": "a47e08742db4339748261ace5524b580"}, {"path": "src/lib/configurations/traits.ts", "contentEncoding": "identity", "contentType": "application/octet-stream", "hash": "8af323ff709f1f091e1bf3714e2bd3c0"}, {"path": "src/lib/common/index.ts", "contentEncoding": "identity", "contentType": "application/octet-stream", "hash": "950d8d9a6c971e1a4b901ae57d7456b1"}, {"path": "src/lib/common/types.ts", "contentEncoding": "identity", "contentType": "application/octet-stream", "hash": "d9e45afce97503f7f019c444b998fbaf"}, {"path": "src/lib/common/types-domain.ts", "contentEncoding": "identity", "contentType": "application/octet-stream", "hash": "9deb02f5423890690a18338ff36bdc98"}, {"path": "src/lib/common/traits.ts", "contentEncoding": "identity", "contentType": "application/octet-stream", "hash": "8344deac6b703369e96af3af40847468"}, {"path": "src/lib/common/journal.ts", "contentEncoding": "identity", "contentType": "application/octet-stream", "hash": "2c187484b6cd5f265b33d3abaaceb715"}, {"path": "src/lib/common/utils.ts", "contentEncoding": "identity", "contentType": "application/octet-stream", "hash": "517f4b87b5d99d259b16dccd573c78c2"}, {"path": "src/lib/modules/index.ts", "contentEncoding": "identity", "contentType": "application/octet-stream", "hash": "1ac0e7a636206505eafa54af3b27f8ae"}, {"path": "src/lib/modules/attributes.ts", "contentEncoding": "identity", "contentType": "application/octet-stream", "hash": "9acde91eddd72f8eb79e2922072fe67e"}, {"path": "src/lib/modules/traits.ts", "contentEncoding": "identity", "contentType": "application/octet-stream", "hash": "674cf7f9e0e1ed126dfaec7bd3d63c4b"}, {"path": "src/lib/modules/connector.ts", "contentEncoding": "identity", "contentType": "application/octet-stream", "hash": "5f403d6726e4b50929d311f469b35d50"}, {"path": "src/lib/modules/module.ts", "contentEncoding": "identity", "contentType": "application/octet-stream", "hash": "d7f1a31217d0eaeaf616b303b722a1b7"}, {"path": "src/lib/connections/index.ts", "contentEncoding": "identity", "contentType": "application/octet-stream", "hash": "71c632f09847f91313ca73113be404f6"}, {"path": "src/lib/connections/connection.ts", "contentEncoding": "identity", "contentType": "application/octet-stream", "hash": "e5316c07dc95d6dfcee7089fc4420c78"}, {"path": "src/lib/workflows/index.ts", "contentEncoding": "identity", "contentType": "application/octet-stream", "hash": "5c5f236d42229059663469cd8e768a39"}, {"path": "src/lib/workflows/layer.ts", "contentEncoding": "identity", "contentType": "application/octet-stream", "hash": "b95054f577900505144c22ef27bd3bbe"}, {"path": "src/lib/deployers/index.ts", "contentEncoding": "identity", "contentType": "application/octet-stream", "hash": "1972637ab6f12790e53a5f8eaa46b3b2"}, {"path": "src/lib/deployers/models.ts", "contentEncoding": "identity", "contentType": "application/octet-stream", "hash": "b96de52dd2e5dd914cbd2b4e65f25210"}, {"path": "src/lib/deployers/instance-pool-worker.ts", "contentEncoding": "identity", "contentType": "application/octet-stream", "hash": "a988f155c4b413e4823c528d3ce00a81"}, {"path": "src/lib/deployers/instance-pool.ts", "contentEncoding": "identity", "contentType": "application/octet-stream", "hash": "7a7c4045ea728fe269bc1a865a71b20d"}, {"path": "src/lib/deployers/inner-observables-pool.ts", "contentEncoding": "identity", "contentType": "application/octet-stream", "hash": "9f6a71621848f95355c10d010856ad27"}, {"path": "src/lib/deployers/in-worker.ts", "contentEncoding": "identity", "contentType": "application/octet-stream", "hash": "4cab350b73a8479ec64f85cca0884403"}, {"path": "src/lib/deployers/utils.ts", "contentEncoding": "identity", "contentType": "application/octet-stream", "hash": "c6340eebb3fa5c2595f9e71f0848079a"}, {"path": "src/lib/modules/IOs/index.ts", "contentEncoding": "identity", "contentType": "application/octet-stream", "hash": "e55d3919adb7313e4aab36ecc2d2f4ac"}, {"path": "src/lib/modules/IOs/slot.ts", "contentEncoding": "identity", "contentType": "application/octet-stream", "hash": "507632eb0b7c02c5cbd826406fbe4bd3"}, {"path": "dist/docs/hierarchy.html", "contentEncoding": "identity", "contentType": "text/html", "hash": "766f39a8087b0cc9fc0d9f87275e25d6"}, {"path": "dist/docs/.nojekyll", "contentEncoding": "identity", "contentType": "application/octet-stream", "hash": "527ed13d9651065487492991875c804a"}, {"path": "dist/docs/index.html", "contentEncoding": "identity", "contentType": "text/html", "hash": "884d3637cd7bff7d5da46e24f3a4115b"}, {"path": "dist/docs/modules.html", "contentEncoding": "identity", "contentType": "text/html", "hash": "174ed5ead99c34eb9063d117dca771d7"}, {"path": "dist/docs/types/Macros.MacroDeclaration.html", "contentEncoding": "identity", "contentType": "text/html", "hash": "95c44ff8fa18630cfa0d3e0c6725f577"}, {"path": "dist/docs/types/ImmutableObj.html", "contentEncoding": "identity", "contentType": "text/html", "hash": "ea222826e00073c430629c8838cb96a8"}, {"path": "dist/docs/types/Connections.AnyJson.html", "contentEncoding": "identity", "contentType": "text/html", "hash": "c4b110e05951fbf8e2469feaa874cceb"}, {"path": "dist/docs/types/Deployers.ImplementationProxy.html", "contentEncoding": "identity", "contentType": "text/html", "hash": "46fd3632767df0b3048ff4f7686ad551"}, {"path": "dist/docs/types/Deployers.ConnectionDescriberFromWorker.html", "contentEncoding": "identity", "contentType": "text/html", "hash": "6680968cd4672a77941f5127ce079c9c"}, {"path": "dist/docs/types/Modules.OutputMessage.html", "contentEncoding": "identity", "contentType": "text/html", "hash": "98acf91945e9a78e757eda4d4e1e66a9"}, {"path": "dist/docs/types/Deployers.VsfInnerObservable.html", "contentEncoding": "identity", "contentType": "text/html", "hash": "5f1b69500d82c340e8bc350f47ea25d4"}, {"path": "dist/docs/types/Projects.LibrariesStore.html", "contentEncoding": "identity", "contentType": "text/html", "hash": "b1f2b89054b7e4560803585598e29499"}, {"path": "dist/docs/types/Modules.SchemaModuleBase.html", "contentEncoding": "identity", "contentType": "text/html", "hash": "8ced0a603e3f272f391459757e89f4ed"}, {"path": "dist/docs/types/Deployers.Chart.html", "contentEncoding": "identity", "contentType": "text/html", "hash": "eb93408709cb81da95374536aaae9105"}, {"path": "dist/docs/types/Deployers.ProbeMessageFromWorker.html", "contentEncoding": "identity", "contentType": "text/html", "hash": "3535e32c1edc686493cd6f33a76a8fb7"}, {"path": "dist/docs/types/Modules.ProcessingMessage.html", "contentEncoding": "identity", "contentType": "text/html", "hash": "af3c40e0a5f995059ff5e636a1205cc8"}, {"path": "dist/docs/types/Connections.ConnectableTrait.html", "contentEncoding": "identity", "contentType": "text/html", "hash": "b61677703b3367dda1a1bbd3059d921b"}, {"path": "dist/docs/types/Connections.JsonMap.html", "contentEncoding": "identity", "contentType": "text/html", "hash": "922d27b111dd80faf46df91b89562774"}, {"path": "dist/docs/types/Projects.MacroConfiguration.html", "contentEncoding": "identity", "contentType": "text/html", "hash": "048d450c98cef90f24b924e464dc9164"}, {"path": "dist/docs/types/Deployers.Version.html", "contentEncoding": "identity", "contentType": "text/html", "hash": "5b820ae44774f2c2602c750fb994b9eb"}, {"path": "dist/docs/types/Projects.ProjectView.html", "contentEncoding": "identity", "contentType": "text/html", "hash": "21c634af16e430e9f898273da58f28c4"}, {"path": "dist/docs/types/Deployers.ReadyMessage.html", "contentEncoding": "identity", "contentType": "text/html", "hash": "83a6eaa14d154298fe00336279a9771b"}, {"path": "dist/docs/types/Projects.RunningWorksheet.html", "contentEncoding": "identity", "contentType": "text/html", "hash": "d97cde67c392e59106e308029adc52f0"}, {"path": "dist/docs/types/Deployers.InputClosed.html", "contentEncoding": "identity", "contentType": "text/html", "hash": "b2d1fbc10a70921948ad586c55d39eb8"}, {"path": "dist/docs/types/Modules.OutputsReturn.html", "contentEncoding": "identity", "contentType": "text/html", "hash": "5f2859c456da429775130df674730cdd"}, {"path": "dist/docs/types/Deployers.OnInnerPoolEventArgs.html", "contentEncoding": "identity", "contentType": "text/html", "hash": "7a8a33c7a7df692765454d4e7b08d76b"}, {"path": "dist/docs/types/Deployers.InputMessage.html", "contentEncoding": "identity", "contentType": "text/html", "hash": "db8912f79ac76abaa48ed36f9b37008f"}, {"path": "dist/docs/types/Deployers.ConnectionsHint.html", "contentEncoding": "identity", "contentType": "text/html", "hash": "97d8877a62bed326b30b26ae192e576f"}, {"path": "dist/docs/types/Modules.ModuleModel.html", "contentEncoding": "identity", "contentType": "text/html", "hash": "36d13f42580ee6881b6aa418f738c27e"}, {"path": "dist/docs/types/Modules.OutputMapperArg.html", "contentEncoding": "identity", "contentType": "text/html", "hash": "82507e9f65a834050a10a030a45036e6"}, {"path": "dist/docs/types/Modules.InputMessage.html", "contentEncoding": "identity", "contentType": "text/html", "hash": "f888eddcd4f250a50b6cb46d0b75461b"}, {"path": "dist/docs/types/Projects.MacroConfigMapper.html", "contentEncoding": "identity", "contentType": "text/html", "hash": "8a7bc083a02da5989564d6d067fa0adc"}, {"path": "dist/docs/types/Modules.SchemaModule.html", "contentEncoding": "identity", "contentType": "text/html", "hash": "8aa29cf27a9a30af0639f8b364400f17"}, {"path": "dist/docs/types/Projects.Flowchart.html", "contentEncoding": "identity", "contentType": "text/html", "hash": "50b9cc6124d34a282ea9e7a2e7f8d877"}, {"path": "dist/docs/types/Macros.MacroModel.html", "contentEncoding": "identity", "contentType": "text/html", "hash": "60e75e394e3535c8560a6300725b1ad6"}, {"path": "dist/docs/types/Workflows.WorkflowModel.html", "contentEncoding": "identity", "contentType": "text/html", "hash": "4ecdd657e405435f07822ce30f85eb1a"}, {"path": "dist/docs/types/Projects.HtmlView.html", "contentEncoding": "identity", "contentType": "text/html", "hash": "9ea4229a882886c37c576854e554c3b2"}, {"path": "dist/docs/types/Modules.OverrideType.html", "contentEncoding": "identity", "contentType": "text/html", "hash": "ff0c4f20483fae4eab202e8a2ea24a57"}, {"path": "dist/docs/types/Immutable_.html", "contentEncoding": "identity", "contentType": "text/html", "hash": "95a8c6d6dfca7556b14e95f8d8a4a3fa"}, {"path": "dist/docs/types/KeysAsUnion.html", "contentEncoding": "identity", "contentType": "text/html", "hash": "54c458ab3103b66fbf2e35e3cadd2f63"}, {"path": "dist/docs/types/Projects.MacroAPI.html", "contentEncoding": "identity", "contentType": "text/html", "hash": "03e560251b051a53d6295a64b4183573"}, {"path": "dist/docs/types/Connections.UserContext.html", "contentEncoding": "identity", "contentType": "text/html", "hash": "0ee70912e50ff13892c9fc568ae885fc"}, {"path": "dist/docs/types/Configurations.Schema.html", "contentEncoding": "identity", "contentType": "text/html", "hash": "eb6dee87caaa22afa8550302ea7bef51"}, {"path": "dist/docs/types/ToolBox.html", "contentEncoding": "identity", "contentType": "text/html", "hash": "88448704468b9f0aa8ad35d343c0a228"}, {"path": "dist/docs/types/Modules.OutputsMapper.html", "contentEncoding": "identity", "contentType": "text/html", "hash": "b4ed2ee124b83865c16c6eaa5f44bd4a"}, {"path": "dist/docs/types/Modules.GetGenericObservable.html", "contentEncoding": "identity", "contentType": "text/html", "hash": "8445702786ef0e101737d24b4149a58e"}, {"path": "dist/docs/types/Projects.FlowchartLayer.html", "contentEncoding": "identity", "contentType": "text/html", "hash": "d384fc44899645d42301f1bf492f5148"}, {"path": "dist/docs/types/Projects.ModuleAttributes.html", "contentEncoding": "identity", "contentType": "text/html", "hash": "a909e80c5ca47e7063e7384989ed88b8"}, {"path": "dist/docs/types/Deployers.ProbeMessageId.html", "contentEncoding": "identity", "contentType": "text/html", "hash": "f1e2728b9e2372ec4fefa7011a949696"}, {"path": "dist/docs/types/Deployers.ProbeMessageIdKeys.html", "contentEncoding": "identity", "contentType": "text/html", "hash": "7d492889fa9e364225f4e4d853db670f"}, {"path": "dist/docs/types/Connections.ConnectionTrait.html", "contentEncoding": "identity", "contentType": "text/html", "hash": "0354c959509ec1aca41f3af1c805c383"}, {"path": "dist/docs/types/Modules.Declaration.html", "contentEncoding": "identity", "contentType": "text/html", "hash": "1504c547ae640e0eb587e6d58736dc24"}, {"path": "dist/docs/types/Projects.Workflow.html", "contentEncoding": "identity", "contentType": "text/html", "hash": "df35420344f7b9119086fe49761fdeae"}, {"path": "dist/docs/types/Connections.ConnectionModel.html", "contentEncoding": "identity", "contentType": "text/html", "hash": "5853bd5d46992cde4d0de78c14d0d598"}, {"path": "dist/docs/types/Projects.FlowchartAnnotation.html", "contentEncoding": "identity", "contentType": "text/html", "hash": "5f6378821cc0a22a7173ba6f74c4cccd"}, {"path": "dist/docs/types/Modules.GetGenericInput.html", "contentEncoding": "identity", "contentType": "text/html", "hash": "1aee1493df2dcd3389444b6f8cce2448"}, {"path": "dist/docs/types/Configurations.ConfigInstance.html", "contentEncoding": "identity", "contentType": "text/html", "hash": "85ffd8bf648e5eba1bbd2b1926b07d33"}, {"path": "dist/docs/types/Modules.UserArgs.html", "contentEncoding": "identity", "contentType": "text/html", "hash": "f53ef224e5371f2227343fb6b3bf5c76"}, {"path": "dist/docs/types/WorkersPoolInstance.html", "contentEncoding": "identity", "contentType": "text/html", "hash": "751d0f5efd2bfb7f963265ee44c8e5f8"}, {"path": "dist/docs/types/Projects.ProjectElements.html", "contentEncoding": "identity", "contentType": "text/html", "hash": "24a3ab2c1d118bffa227b1e4d5963e92"}, {"path": "dist/docs/types/Deployers.Probe.html", "contentEncoding": "identity", "contentType": "text/html", "hash": "193eecdacf214d876750278cd6333a7b"}, {"path": "dist/docs/types/Deployers.ConnectionProxy.html", "contentEncoding": "identity", "contentType": "text/html", "hash": "e4f6a4570685a36e28510ca4290425fb"}, {"path": "dist/docs/types/Deployers.WorkerEnvironmentTrait.html", "contentEncoding": "identity", "contentType": "text/html", "hash": "68d333102ba117021791d3bc0f0e93f6"}, {"path": "dist/docs/types/Connections.Adaptor.html", "contentEncoding": "identity", "contentType": "text/html", "hash": "aa1f0c6d4f0972062aaea0bf657a43f6"}, {"path": "dist/docs/types/Modules.InputsMap.html", "contentEncoding": "identity", "contentType": "text/html", "hash": "1a1134d66007be9ed89f72046fae72b1"}, {"path": "dist/docs/types/Deployers.WorkerProcessTrait.html", "contentEncoding": "identity", "contentType": "text/html", "hash": "7b32a487632608be1a8b29c8337ff22a"}, {"path": "dist/docs/types/Modules.WithModuleBaseSchema.html", "contentEncoding": "identity", "contentType": "text/html", "hash": "8f6816f0b0af5e7ddcfc46af63a83f1e"}, {"path": "dist/docs/types/Connections.JsonArray.html", "contentEncoding": "identity", "contentType": "text/html", "hash": "2c46152c3280a2f04a91202e689cd509"}, {"path": "dist/docs/types/Projects.ProjectsStore.html", "contentEncoding": "identity", "contentType": "text/html", "hash": "499802a713f1eb71142d81ec9f56c9ac"}, {"path": "dist/docs/types/Modules.ImplementationTrait.html", "contentEncoding": "identity", "contentType": "text/html", "hash": "b0ec59c9482ce680ed618353e4fa57e8"}, {"path": "dist/docs/types/Deployers.StopSignal.html", "contentEncoding": "identity", "contentType": "text/html", "hash": "aa586d42b6df884e7fa346920e77924e"}, {"path": "dist/docs/types/Connections.Message.html", "contentEncoding": "identity", "contentType": "text/html", "hash": "2c58c6ebdb20ba5c05b8c463513e682e"}, {"path": "dist/docs/types/Deployers.DeployChart.html", "contentEncoding": "identity", "contentType": "text/html", "hash": "c39745dfd69dd3eaaa5e60cd14e35520"}, {"path": "dist/docs/types/EnvironmentTrait.html", "contentEncoding": "identity", "contentType": "text/html", "hash": "ef1bdbcae66909fc58270358db5fe478"}, {"path": "dist/docs/types/Projects.Macro.html", "contentEncoding": "identity", "contentType": "text/html", "hash": "0cbb4075776eb790439feb67eb4ef25e"}, {"path": "dist/docs/types/Connections.ConnectionStatus.html", "contentEncoding": "identity", "contentType": "text/html", "hash": "bfe395a469f40a92cb2502a4343949f2"}, {"path": "dist/docs/types/Projects.CellFunction.html", "contentEncoding": "identity", "contentType": "text/html", "hash": "09e899653e0b17fd4cdd8bd191138e04"}, {"path": "dist/docs/types/Deployers.ModuleDescriberFromWorker.html", "contentEncoding": "identity", "contentType": "text/html", "hash": "33787f8dc4b6de9e9e08a3878471f799"}, {"path": "dist/docs/types/Configurations.Configuration.html", "contentEncoding": "identity", "contentType": "text/html", "hash": "ee8774498e98accea7de67f887f622f4"}, {"path": "dist/docs/types/Immutable.html", "contentEncoding": "identity", "contentType": "text/html", "hash": "7db9397beab2853a0e89754e8c15509d"}, {"path": "dist/docs/types/WorkersPoolModel.html", "contentEncoding": "identity", "contentType": "text/html", "hash": "ce6386366305e265568b637a3713e67f"}, {"path": "dist/docs/types/Immutables.html", "contentEncoding": "identity", "contentType": "text/html", "hash": "6018f85ed8780c64172ccec651d0283a"}, {"path": "dist/docs/types/Deployers.InstancePoolDescriberFromWorker.html", "contentEncoding": "identity", "contentType": "text/html", "hash": "7ebb81a45255b37f0ce36833c0410ccf"}, {"path": "dist/docs/types/Modules.MessageContext.html", "contentEncoding": "identity", "contentType": "text/html", "hash": "e5297b40cdf69d372680e5161ad3d96e"}, {"path": "dist/docs/types/Modules.ForwardArgs.html", "contentEncoding": "identity", "contentType": "text/html", "hash": "f050b74a0bd426e82e19d2e27ce94a25"}, {"path": "dist/docs/types/Projects.HtmlViewsStore.html", "contentEncoding": "identity", "contentType": "text/html", "hash": "9615819809863bfb69e8ba84fde32f6a"}, {"path": "dist/docs/types/Projects.Worksheet.html", "contentEncoding": "identity", "contentType": "text/html", "hash": "934d282ed24fc539ced1cc2d0bcfd6c2"}, {"path": "dist/docs/types/Macros.MacroApi.html", "contentEncoding": "identity", "contentType": "text/html", "hash": "a97acb5881283d002784bc12ac280c9c"}, {"path": "dist/docs/types/Modules.Input.html", "contentEncoding": "identity", "contentType": "text/html", "hash": "b2f3397f3c6c439388725bc809dc1260"}, {"path": "dist/docs/types/Projects.WorkersPool.html", "contentEncoding": "identity", "contentType": "text/html", "hash": "0448544722c6b40717ad9aa84cac3adc"}, {"path": "dist/docs/types/Deployers.OnInnerPoolEventEndArgs.html", "contentEncoding": "identity", "contentType": "text/html", "hash": "9725ad372c02be948921c1db32c8006b"}, {"path": "dist/docs/types/Macros.MacroSchema.html", "contentEncoding": "identity", "contentType": "text/html", "hash": "16043869541570826b7ecae894f4da17"}, {"path": "dist/docs/types/Modules.Scope.html", "contentEncoding": "identity", "contentType": "text/html", "hash": "627804714a7db6d21e002ce062305b34"}, {"path": "dist/docs/types/WorkersPoolRunTime.html", "contentEncoding": "identity", "contentType": "text/html", "hash": "6939dfdde40004ce0a15e336ed79568b"}, {"path": "dist/docs/types/Deployers.RuntimeNotification.html", "contentEncoding": "identity", "contentType": "text/html", "hash": "6e2a183cb77ffa4f62e08f1daeba5adb"}, {"path": "dist/docs/functions/Modules.stringAttribute.html", "contentEncoding": "identity", "contentType": "text/html", "hash": "8c0a5cc34e0410480a9d4e11db118f22"}, {"path": "dist/docs/functions/Contracts.some.html", "contentEncoding": "identity", "contentType": "text/html", "hash": "326ff28408ea98058accf341b08fd7fd"}, {"path": "dist/docs/functions/Projects.insertCell.html", "contentEncoding": "identity", "contentType": "text/html", "hash": "ae1d5a48cf22d3490c10b25d4db8ee8c"}, {"path": "dist/docs/functions/Macros.macroInstance.html", "contentEncoding": "identity", "contentType": "text/html", "hash": "790989f5c0ba17b123d0c812fbd16f5a"}, {"path": "dist/docs/functions/Deployers.moduleInstanceInWorker.html", "contentEncoding": "identity", "contentType": "text/html", "hash": "638b13761d6755a844fc8f297644abe0"}, {"path": "dist/docs/functions/Contracts.of.html", "contentEncoding": "identity", "contentType": "text/html", "hash": "e1206e35fa497da63e5bf2ff5605db8b"}, {"path": "dist/docs/functions/Deployers.isInputRawMessageProbe.html", "contentEncoding": "identity", "contentType": "text/html", "hash": "2f7845cabf406dd682d465aa9609ca10"}, {"path": "dist/docs/functions/Modules.mergeMessagesContext.html", "contentEncoding": "identity", "contentType": "text/html", "hash": "9d991273ea7158db8af2c8c495a5ff06"}, {"path": "dist/docs/functions/Contracts.attribute.html", "contentEncoding": "identity", "contentType": "text/html", "hash": "6da664af36f5abd512fd57582390e080"}, {"path": "dist/docs/functions/Deployers.startWorkerShadowPool.html", "contentEncoding": "identity", "contentType": "text/html", "hash": "6010e00ebdbcc8de64b31f2066724fd4"}, {"path": "dist/docs/functions/Deployers.implementsDeployerTrait.html", "contentEncoding": "identity", "contentType": "text/html", "hash": "a95612fee5726ad60d770d8de9fa7ada"}, {"path": "dist/docs/functions/Projects.parseMacroInput.html", "contentEncoding": "identity", "contentType": "text/html", "hash": "49d69ae69e8b2275a3a88e9d9499f331"}, {"path": "dist/docs/functions/mergeWith.html", "contentEncoding": "identity", "contentType": "text/html", "hash": "8b42725acc6f8b9f89900c91de1fe9b8"}, {"path": "dist/docs/functions/Modules.uuidv4.html", "contentEncoding": "identity", "contentType": "text/html", "hash": "da75970972949e08b252ce59e22433e1"}, {"path": "dist/docs/functions/Modules.floatAttribute.html", "contentEncoding": "identity", "contentType": "text/html", "hash": "da3ea1a9d1836a4220d0e5f49ce86374"}, {"path": "dist/docs/functions/Modules.baseModuleSchemaDefaultInstance.html", "contentEncoding": "identity", "contentType": "text/html", "hash": "a2f862b240b18e48c9e9cac4f4188282"}, {"path": "dist/docs/functions/Contracts.all.html", "contentEncoding": "identity", "contentType": "text/html", "hash": "4f4fbd75548c738582d4b381ba391cdb"}, {"path": "dist/docs/functions/Contracts.instanceOf.html", "contentEncoding": "identity", "contentType": "text/html", "hash": "575b3aba26fa9f935234f08a7a0726b8"}, {"path": "dist/docs/functions/Modules.anyObjectAttribute.html", "contentEncoding": "identity", "contentType": "text/html", "hash": "30cd54ec44f08493feb15905a73ff0e4"}, {"path": "dist/docs/functions/Deployers.isConnectionMessageProbe.html", "contentEncoding": "identity", "contentType": "text/html", "hash": "793daef8d42b3c2af21c7648e20277ec"}, {"path": "dist/docs/functions/Deployers.serializeChart.html", "contentEncoding": "identity", "contentType": "text/html", "hash": "c2f660e9518f5a26c7c4f7f2e5d4215c"}, {"path": "dist/docs/functions/Projects.parseDag.html", "contentEncoding": "identity", "contentType": "text/html", "hash": "6dd38b10fd637bb839735a1339f69d93"}, {"path": "dist/docs/functions/Modules.getOutputSlot.html", "contentEncoding": "identity", "contentType": "text/html", "hash": "cf5fecae5a012a518d459b5af7e9fe57"}, {"path": "dist/docs/functions/Modules.stringLiteralAttribute.html", "contentEncoding": "identity", "contentType": "text/html", "hash": "f7bd75b19e03add493f51a6d09efaa39"}, {"path": "dist/docs/functions/Deployers.emitRuntime.html", "contentEncoding": "identity", "contentType": "text/html", "hash": "5aec7c4dc2bbd4630c44ba8699549294"}, {"path": "dist/docs/functions/Deployers.createInstancePoolProxy.html", "contentEncoding": "identity", "contentType": "text/html", "hash": "90928a5509f16e8bfa8b82411c8c2204"}, {"path": "dist/docs/functions/Modules.booleanAttribute.html", "contentEncoding": "identity", "contentType": "text/html", "hash": "d99c4295de569c975e06a17588223ea5"}, {"path": "dist/docs/functions/Contracts.free.html", "contentEncoding": "identity", "contentType": "text/html", "hash": "22b4f5809f3cb80c2b14578b756cb1ab"}, {"path": "dist/docs/functions/implementsHtmlTrait.html", "contentEncoding": "identity", "contentType": "text/html", "hash": "4948318476c1e079f5c6280e043a366b"}, {"path": "dist/docs/functions/Contracts.single.html", "contentEncoding": "identity", "contentType": "text/html", "hash": "7e8133320bfb4fe8a5abafe605a747ef"}, {"path": "dist/docs/functions/Modules.jsCodeAttribute.html", "contentEncoding": "br", "contentType": "text/html", "hash": "aa0dbce7adeee266f1b5b54820c7a42a"}, {"path": "dist/docs/functions/Modules.integerAttribute.html", "contentEncoding": "identity", "contentType": "text/html", "hash": "f9c854ce9b7bf62aa7830c79295bceae"}, {"path": "dist/docs/functions/implementsDocumentationTrait.html", "contentEncoding": "identity", "contentType": "text/html", "hash": "f92f97cb2c25a23d4c0e9613d8babcf1"}, {"path": "dist/docs/functions/Modules.anyAttribute.html", "contentEncoding": "identity", "contentType": "text/html", "hash": "c563eabbbe1569a19ce06ff4279f764b"}, {"path": "dist/docs/functions/Deployers.toClonable.html", "contentEncoding": "identity", "contentType": "text/html", "hash": "2af358e0625c9d96ff11847d436593a7"}, {"path": "dist/docs/functions/Deployers.isOutputObservableProbe.html", "contentEncoding": "identity", "contentType": "text/html", "hash": "6697622423158a48a2c3b7cd42beee5f"}, {"path": "dist/docs/functions/Contracts.count.html", "contentEncoding": "identity", "contentType": "text/html", "hash": "e27b234a1a515b04608dd9a6a8cb9865"}, {"path": "dist/docs/functions/Macros.createMacroInputs.html", "contentEncoding": "identity", "contentType": "text/html", "hash": "502ee4994bff4d4b777b5f11de7ab443"}, {"path": "dist/docs/functions/Modules.makeAttribute.html", "contentEncoding": "identity", "contentType": "text/html", "hash": "787a37e4812adc1389dbc02ee2469ed5"}, {"path": "dist/docs/functions/Projects.installRxVDOM.html", "contentEncoding": "identity", "contentType": "text/html", "hash": "9630414a41054fcac4e5b81733942dd5"}, {"path": "dist/docs/functions/Modules.getInputSlot.html", "contentEncoding": "identity", "contentType": "text/html", "hash": "6d71240189fbb8b3367f30c575cf4bc0"}, {"path": "dist/docs/functions/Workflows.emptyWorkflowModel.html", "contentEncoding": "identity", "contentType": "text/html", "hash": "89a6ed3f2d843fa9a3180ee478b689cd"}, {"path": "dist/docs/functions/Contracts.any.html", "contentEncoding": "identity", "contentType": "text/html", "hash": "63900d2e1e0d4da89fc92a2911fbee2d"}, {"path": "dist/docs/functions/Projects.parseBranch.html", "contentEncoding": "identity", "contentType": "text/html", "hash": "7ebbc550f6b73c9c11892f6ee270dcae"}, {"path": "dist/docs/functions/Macros.createChart.html", "contentEncoding": "identity", "contentType": "text/html", "hash": "ed216d9639e8c46d667a6840fdfa735e"}, {"path": "dist/docs/functions/Deployers.isProbe.html", "contentEncoding": "identity", "contentType": "text/html", "hash": "e826a292ce0789723bf5ec5220b6d43a"}, {"path": "dist/docs/functions/Contracts.optionals.html", "contentEncoding": "identity", "contentType": "text/html", "hash": "37af6b1f2a62b12133795f8072dce3d2"}, {"path": "dist/docs/functions/Deployers.getProbes.html", "contentEncoding": "identity", "contentType": "text/html", "hash": "550f3a26455d79bb723b53a7aad6a07d"}, {"path": "dist/docs/functions/asMutable.html", "contentEncoding": "identity", "contentType": "text/html", "hash": "2cfd1f47b101456ec97283c3675ccada"}, {"path": "dist/docs/functions/Deployers.transmitInputMessage.html", "contentEncoding": "identity", "contentType": "text/html", "hash": "520e93263f0e994c20512670e9183da9"}, {"path": "dist/docs/functions/Macros.deployMacroInWorker.html", "contentEncoding": "identity", "contentType": "text/html", "hash": "0b1ea0c150ffcbcec54cc46afaf06f68"}, {"path": "dist/docs/functions/Configurations.implementsConfigurableTrait.html", "contentEncoding": "identity", "contentType": "text/html", "hash": "ac8ebcf2fc9168325da4ac2882a8ce4e"}, {"path": "dist/docs/functions/Deployers.implementWorkerEnvironmentTrait.html", "contentEncoding": "identity", "contentType": "text/html", "hash": "27c571569d13c939d9af9465338becd4"}, {"path": "dist/docs/functions/Deployers.implementWorkerProcessTrait.html", "contentEncoding": "identity", "contentType": "text/html", "hash": "cd3bf43e04b80db2d078aa96d6ef8fa3"}, {"path": "dist/docs/functions/Contracts.contract.html", "contentEncoding": "identity", "contentType": "text/html", "hash": "3392e8af30c38ebd7f3eb2749b70b714"}, {"path": "dist/docs/functions/Projects.parseMacroOutput.html", "contentEncoding": "identity", "contentType": "text/html", "hash": "c0db82e18ed9f45d3783569f231043e8"}, {"path": "dist/docs/functions/Macros.createMacroOutputs.html", "contentEncoding": "identity", "contentType": "text/html", "hash": "d25e06c41a163c39cae050466322128a"}, {"path": "dist/docs/functions/asImmutable.html", "contentEncoding": "identity", "contentType": "text/html", "hash": "3bbe0da9b049a01fa3716c802af4a153"}, {"path": "dist/docs/functions/Modules.customAttribute.html", "contentEncoding": "identity", "contentType": "text/html", "hash": "5f153555e8d6dd452cb69bac13c404c0"}, {"path": "dist/docs/functions/Deployers.transmitProbeToMainThread.html", "contentEncoding": "identity", "contentType": "text/html", "hash": "430e1807af73a3df2707b941aba60462"}, {"path": "dist/docs/assets/icons.svg", "contentEncoding": "identity", "contentType": "image/svg+xml", "hash": "7cce830175ea8db295264c9afc375748"}, {"path": "dist/docs/assets/navigation.js", "contentEncoding": "br", "contentType": "application/javascript;charset=UTF-8", "hash": "807a6f9384a99a21bb921b8bfe741176"}, {"path": "dist/docs/assets/main.js", "contentEncoding": "br", "contentType": "application/javascript;charset=UTF-8", "hash": "5a28a3f9b2daeaed3688ee46f6587827"}, {"path": "dist/docs/assets/icons.js", "contentEncoding": "br", "contentType": "application/javascript;charset=UTF-8", "hash": "e320216755abec04d09e16127b4dcded"}, {"path": "dist/docs/assets/style.css", "contentEncoding": "br", "contentType": "text/css", "hash": "97d7775467bf0de7050b1a323a87ce46"}, {"path": "dist/docs/assets/highlight.css", "contentEncoding": "br", "contentType": "text/css", "hash": "f4602b481bbd0876db319b52a4be7c19"}, {"path": "dist/docs/assets/search.js", "contentEncoding": "br", "contentType": "application/javascript;charset=UTF-8", "hash": "b7723116f2d8454d36c86e0e315a2716"}, {"path": "dist/docs/modules/Modules.html", "contentEncoding": "identity", "contentType": "text/html", "hash": "01fdf40dc61d7207bdadbf14889b49ef"}, {"path": "dist/docs/modules/Macros.html", "contentEncoding": "identity", "contentType": "text/html", "hash": "ecb1d855cbe40dc348e7eac209c86215"}, {"path": "dist/docs/modules/Contracts.html", "contentEncoding": "identity", "contentType": "text/html", "hash": "66c2f59fcd6f49ab545e1a0f691c2e31"}, {"path": "dist/docs/modules/Connections.html", "contentEncoding": "identity", "contentType": "text/html", "hash": "855cefac290df08c263fb38cde268483"}, {"path": "dist/docs/modules/Configurations.html", "contentEncoding": "identity", "contentType": "text/html", "hash": "eef4ad8634ac8646d95e1a794cbf8fd1"}, {"path": "dist/docs/modules/Projects.html", "contentEncoding": "identity", "contentType": "text/html", "hash": "3e99766a670fa192c1d3f87a00127da5"}, {"path": "dist/docs/modules/Workflows.html", "contentEncoding": "identity", "contentType": "text/html", "hash": "0f62b3abe5e7db9d1173933009d6bd86"}, {"path": "dist/docs/modules/Deployers.html", "contentEncoding": "identity", "contentType": "text/html", "hash": "d6073ce1d0ed405f65c9aa3c7eb3b6f2"}, {"path": "dist/docs/interfaces/StatusTrait.html", "contentEncoding": "identity", "contentType": "text/html", "hash": "cec8b597d95e9decfb2d2284edb0f96e"}, {"path": "dist/docs/interfaces/Contracts.ExpectationTrait.html", "contentEncoding": "identity", "contentType": "text/html", "hash": "99d7c4664039297a62461b8504d0b13d"}, {"path": "dist/docs/interfaces/DocumentationTrait.html", "contentEncoding": "identity", "contentType": "text/html", "hash": "e13509198270d538b259c8f430fda241"}, {"path": "dist/docs/interfaces/Projects.CellTrait.html", "contentEncoding": "identity", "contentType": "text/html", "hash": "c7dd6c73cb692fcc59d273c5e66d1cd6"}, {"path": "dist/docs/interfaces/CanvasTrait.html", "contentEncoding": "identity", "contentType": "text/html", "hash": "59c0ef85589b556379f05d09c9d9ecb9"}, {"path": "dist/docs/interfaces/ToolboxObjectTrait.html", "contentEncoding": "identity", "contentType": "text/html", "hash": "7af0ffc4eecdf3b0fcc92d711a4a2ae2"}, {"path": "dist/docs/interfaces/Modules.SlotTrait.html", "contentEncoding": "identity", "contentType": "text/html", "hash": "6a63ab3f65a6c54573d5bdb7a0c8199d"}, {"path": "dist/docs/interfaces/Configurations.AttributeTrait.html", "contentEncoding": "identity", "contentType": "text/html", "hash": "d484a356da9eb4327d8ab0883ef86fee"}, {"path": "dist/docs/interfaces/JournalTrait.html", "contentEncoding": "identity", "contentType": "text/html", "hash": "6eb3f4ea7762351750b649176af8a182"}, {"path": "dist/docs/interfaces/Configurations.ConfigurableTrait.html", "contentEncoding": "identity", "contentType": "text/html", "hash": "d62d676acb09d207bd723d1d9cffc062"}, {"path": "dist/docs/interfaces/Modules.ApiTrait.html", "contentEncoding": "identity", "contentType": "text/html", "hash": "9874abe942f07f0f6bc413f78d9106d3"}, {"path": "dist/docs/interfaces/UidTrait.html", "contentEncoding": "identity", "contentType": "text/html", "hash": "7021d410ca29f473079e6bee77bd8f29"}, {"path": "dist/docs/interfaces/InstallerTrait.html", "contentEncoding": "identity", "contentType": "text/html", "hash": "8e854937cca309a5fec392648828bb42"}, {"path": "dist/docs/interfaces/Deployers.DeployerTrait.html", "contentEncoding": "identity", "contentType": "text/html", "hash": "a9d0d53a9ec2b4407bc91d64ceecc0aa"}, {"path": "dist/docs/interfaces/Contracts.Resolution.html", "contentEncoding": "identity", "contentType": "text/html", "hash": "5867052a529ee6afe214e15f1f066031"}, {"path": "dist/docs/interfaces/HtmlTrait.html", "contentEncoding": "identity", "contentType": "text/html", "hash": "2595f8f2156df447904096a658e86f03"}, {"path": "dist/docs/interfaces/LoggerTrait.html", "contentEncoding": "identity", "contentType": "text/html", "hash": "e58ed55ed7f21bc1deefce9ae939546b"}, {"path": "dist/docs/classes/Contracts.Unresolved.html", "contentEncoding": "identity", "contentType": "text/html", "hash": "193538673cf3e491b4dd721101667bf2"}, {"path": "dist/docs/classes/Projects.ProjectSummaryView.html", "contentEncoding": "identity", "contentType": "text/html", "hash": "a1d887891ff6c51b836a9f50db0ed6b7"}, {"path": "dist/docs/classes/Projects.Environment.html", "contentEncoding": "identity", "contentType": "text/html", "hash": "1a29242e0e295f8145eb1952b8fddc2f"}, {"path": "dist/docs/classes/Configurations.JsCode.html", "contentEncoding": "identity", "contentType": "text/html", "hash": "48dc0b03eacd5613dc54590e1a988dbc"}, {"path": "dist/docs/classes/Connections.Connection.html", "contentEncoding": "identity", "contentType": "text/html", "hash": "4a11e064a1ecf896c645190b6f00b975"}, {"path": "dist/docs/classes/Deployers.InnerObservablesPool.html", "contentEncoding": "identity", "contentType": "text/html", "hash": "c604c1c8df4b012d6de958a52bc88a24"}, {"path": "dist/docs/classes/Configurations.Any.html", "contentEncoding": "identity", "contentType": "text/html", "hash": "4526f5cbe39742a907791ac5a6abf800"}, {"path": "dist/docs/classes/Projects.ProjectState.html", "contentEncoding": "identity", "contentType": "text/html", "hash": "d2d1a13e97a580dc96086c0726f663ff"}, {"path": "dist/docs/classes/Deployers.InstancePoolWorker.html", "contentEncoding": "identity", "contentType": "text/html", "hash": "d317061b3ea4f75602ad5e5d8ca21444"}, {"path": "dist/docs/classes/Configurations.String.html", "contentEncoding": "identity", "contentType": "text/html", "hash": "82def1ea2d101de8403ede0c81eb57ca"}, {"path": "dist/docs/classes/Modules.Implementation.html", "contentEncoding": "identity", "contentType": "text/html", "hash": "f0029d3de625e600e2a12e6e1734ea34"}, {"path": "dist/docs/classes/Configurations.Integer.html", "contentEncoding": "identity", "contentType": "text/html", "hash": "165547509c35f6ac4ac2cd008348145b"}, {"path": "dist/docs/classes/Configurations.AnyObject.html", "contentEncoding": "identity", "contentType": "text/html", "hash": "23af2b1da01beaf830d32d10645d794b"}, {"path": "dist/docs/classes/Configurations.Boolean.html", "contentEncoding": "identity", "contentType": "text/html", "hash": "a31325a03841fa03156a38c387ccc48a"}, {"path": "dist/docs/classes/Modules.Module.html", "contentEncoding": "identity", "contentType": "text/html", "hash": "cbb0d8e31acb6232faece4c2ba9e05e5"}, {"path": "dist/docs/classes/Projects.JsCell.html", "contentEncoding": "identity", "contentType": "text/html", "hash": "feb18b7ccbce671dbcd77bc8f41c2852"}, {"path": "dist/docs/classes/Contracts.Fulfilled.html", "contentEncoding": "identity", "contentType": "text/html", "hash": "e91ceffe28d78588982cbecfee49f7a1"}, {"path": "dist/docs/classes/Projects.BatchCells.html", "contentEncoding": "identity", "contentType": "text/html", "hash": "0c964c0acb81e32791892ac8b53d2051"}, {"path": "dist/docs/classes/Workflows.Layer.html", "contentEncoding": "identity", "contentType": "text/html", "hash": "2a2cca6264ae825c07429455c4c871c9"}, {"path": "dist/docs/classes/Deployers.Inspector.html", "contentEncoding": "identity", "contentType": "text/html", "hash": "a19883e7c02effe2333aa6127777c541"}, {"path": "dist/docs/classes/Configurations.StringLiteral.html", "contentEncoding": "identity", "contentType": "text/html", "hash": "5fb4f6008c145fcd614d0c151952c7b1"}, {"path": "dist/docs/classes/Contracts.Rejected.html", "contentEncoding": "identity", "contentType": "text/html", "hash": "34eb7ae97e9c324101e6ef1216b07835"}, {"path": "dist/docs/classes/Configurations.CustomAttribute.html", "contentEncoding": "identity", "contentType": "text/html", "hash": "786062b959f5861fe7a9bc060dde51fa"}, {"path": "dist/docs/classes/Modules.OutputSlot.html", "contentEncoding": "identity", "contentType": "text/html", "hash": "dff1ac4a1e384316879ff8e83c8ad220"}, {"path": "dist/docs/classes/Deployers.InstancePool.html", "contentEncoding": "identity", "contentType": "text/html", "hash": "b16a2240b035f3ff39101c88504545fe"}, {"path": "dist/docs/classes/Configurations.Float.html", "contentEncoding": "identity", "contentType": "text/html", "hash": "61fa35b2196d38c00d49c521dc0ccaf3"}, {"path": "dist/docs/classes/ExecutionJournal.html", "contentEncoding": "identity", "contentType": "text/html", "hash": "70e09624115597e71a6df9e04543cf6a"}, {"path": "dist/docs/classes/Modules.InputSlot.html", "contentEncoding": "identity", "contentType": "text/html", "hash": "123b1baf1fca28b3c87c612c39f1d7af"}, {"path": "dist/docs/variables/Deployers.NotAvailableMessage_.html", "contentEncoding": "identity", "contentType": "text/html", "hash": "db603da0663487188ae94b848bfbbea1"}, {"path": "dist/docs/variables/Contracts.ofUnknown.html", "contentEncoding": "identity", "contentType": "text/html", "hash": "e600de1efc9211ff1b5cf037e8643605"}, {"path": "dist/docs/variables/Deployers.NotAvailableMessage.html", "contentEncoding": "identity", "contentType": "text/html", "hash": "9456f1ae18937c8507aa73d76d124331"}, {"path": "dist/docs/variables/Macros.macroToolbox.html", "contentEncoding": "identity", "contentType": "text/html", "hash": "439c4eb218f56c90bd856fc46f982e0f"}, {"path": "dist/docs/variables/Projects.basePathDoc.html", "contentEncoding": "identity", "contentType": "text/html", "hash": "897f73dd96f6b10d75847a1f2a167f95"}, {"path": "dist/docs/variables/Projects.defaultViewsFactory.html", "contentEncoding": "identity", "contentType": "text/html", "hash": "47121c57c99a4cbe6c40705c46143f34"}, {"path": "dist/docs/variables/setup.html", "contentEncoding": "identity", "contentType": "text/html", "hash": "fe2412ce4bbb07898e0edcf807487a5d"}, {"path": "dist/docs/variables/Projects.customModulesToolbox.html", "contentEncoding": "identity", "contentType": "text/html", "hash": "4fd1d9d710c3ea93f9b0f28f48105563"}, {"path": "dist/docs/variables/Macros.defaultMacroConfig.html", "contentEncoding": "identity", "contentType": "text/html", "hash": "2f6e2d4485f16d550f399694ed2e50e1"}, {"path": "coverage/coverage-final.json", "contentEncoding": "identity", "contentType": "application/json", "hash": "86b7cd19c844ae11d7c83fc72194344e"}, {"path": "coverage/clover.xml", "contentEncoding": "identity", "contentType": "application/octet-stream", "hash": "0021eb5499a0f36f835d6801c0b6a52d"}, {"path": "coverage/lcov.info", "contentEncoding": "identity", "contentType": "application/octet-stream", "hash": "3a5bb8ca37863fcc52c2118efda5ca5a"}, {"path": "coverage/lcov-report/block-navigation.js", "contentEncoding": "br", "contentType": "application/javascript;charset=UTF-8", "hash": "e3e16775ec854aa3ef7fadd09056943c"}, {"path": "coverage/lcov-report/prettify.css", "contentEncoding": "br", "contentType": "text/css", "hash": "31f0c9da5ac09f2563cab46ebc6e445a"}, {"path": "coverage/lcov-report/prettify.js", "contentEncoding": "br", "contentType": "application/javascript;charset=UTF-8", "hash": "6051903a2f7363ee232a01bd32f60b6a"}, {"path": "coverage/lcov-report/base.css", "contentEncoding": "br", "contentType": "text/css", "hash": "899ea8483c28270ca7835460bdd4da33"}, {"path": "coverage/lcov-report/sort-arrow-sprite.png", "contentEncoding": "identity", "contentType": "image/png", "hash": "fd08a5625d21e34b1d6d9c026f2728a9"}, {"path": "coverage/lcov-report/favicon.png", "contentEncoding": "identity", "contentType": "image/png", "hash": "8c814a46f24208d0bc459bb2cf8b7b88"}, {"path": "coverage/lcov-report/sorter.js", "contentEncoding": "br", "contentType": "application/javascript;charset=UTF-8", "hash": "24cab317b3dc4f1852a276d6152ac6fe"}, {"path": "coverage/lcov-report/index.html", "contentEncoding": "identity", "contentType": "text/html", "hash": "c341e94ec7c5630b6d3df7937e092a9f"}, {"path": "coverage/lcov-report/lib/index.ts.html", "contentEncoding": "identity", "contentType": "text/html", "hash": "eedba9c49216aa0e974db52be6d55904"}, {"path": "coverage/lcov-report/lib/environment.ts.html", "contentEncoding": "identity", "contentType": "text/html", "hash": "73ebb545a7e03ad66ea792c1918c7107"}, {"path": "coverage/lcov-report/lib/index.html", "contentEncoding": "identity", "contentType": "text/html", "hash": "9c4c592a4dd8a6192f958a1c1109ab02"}, {"path": "coverage/lcov-report/lib/contracts/contract.ts.html", "contentEncoding": "identity", "contentType": "text/html", "hash": "2cb55eddee74c73563ee37b5df162701"}, {"path": "coverage/lcov-report/lib/contracts/index.ts.html", "contentEncoding": "identity", "contentType": "text/html", "hash": "43850682553778d6b03117cefe5f854b"}, {"path": "coverage/lcov-report/lib/contracts/index.html", "contentEncoding": "identity", "contentType": "text/html", "hash": "dab844fe623466a8b7be835b42fd369e"}, {"path": "coverage/lcov-report/lib/macros/macro-workers.ts.html", "contentEncoding": "identity", "contentType": "text/html", "hash": "1a33033f4ea7af6453287603ccfd9133"}, {"path": "coverage/lcov-report/lib/macros/inner-observables-pool.ts.html", "contentEncoding": "identity", "contentType": "text/html", "hash": "7379e3bf5b8ca12dc9f621b57b728b94"}, {"path": "coverage/lcov-report/lib/macros/macros-pool-state.ts.html", "contentEncoding": "identity", "contentType": "text/html", "hash": "a2d5a55e884b6679e8c9837ef0b1e4ee"}, {"path": "coverage/lcov-report/lib/macros/macro.ts.html", "contentEncoding": "identity", "contentType": "text/html", "hash": "3929fc57af62faa88440b995881864eb"}, {"path": "coverage/lcov-report/lib/macros/index.ts.html", "contentEncoding": "identity", "contentType": "text/html", "hash": "a43a81eb69ae8bedb13df7eecc409703"}, {"path": "coverage/lcov-report/lib/macros/index.html", "contentEncoding": "identity", "contentType": "text/html", "hash": "9e05682e56ae5a6a60e43c8163337b48"}, {"path": "coverage/lcov-report/lib/macros/inner-macros-pool.ts.html", "contentEncoding": "identity", "contentType": "text/html", "hash": "f6bffe25217f67858a10d3fb51423583"}, {"path": "coverage/lcov-report/lib/project/workers-pool.models.d.ts.html", "contentEncoding": "identity", "contentType": "text/html", "hash": "3bda739ca9206f212accbdc7a667315a"}, {"path": "coverage/lcov-report/lib/project/macro-workers.ts.html", "contentEncoding": "identity", "contentType": "text/html", "hash": "ac1391f078e83b71b4cc7a8e3a271309"}, {"path": "coverage/lcov-report/lib/project/inner-macro-pool.ts.html", "contentEncoding": "identity", "contentType": "text/html", "hash": "82743b35a4bc9377953a81a03f91078e"}, {"path": "coverage/lcov-report/lib/project/project.ts.html", "contentEncoding": "identity", "contentType": "text/html", "hash": "aa3c8d01518d9f5371db7d317dbec7b1"}, {"path": "coverage/lcov-report/lib/project/workflow.ts.html", "contentEncoding": "identity", "contentType": "text/html", "hash": "ddb748cbbd869a13e2a1d5f75ab18e80"}, {"path": "coverage/lcov-report/lib/project/macro.ts.html", "contentEncoding": "identity", "contentType": "text/html", "hash": "ca642229b008354084a33095da2ed912"}, {"path": "coverage/lcov-report/lib/project/instance-pool.ts.html", "contentEncoding": "identity", "contentType": "text/html", "hash": "7e7b8b81e11ee7646d7718cc307a9ac9"}, {"path": "coverage/lcov-report/lib/project/parsing-utils.ts.html", "contentEncoding": "identity", "contentType": "text/html", "hash": "c8632f34ab216004817f738fb18d9bc0"}, {"path": "coverage/lcov-report/lib/project/models.ts.html", "contentEncoding": "identity", "contentType": "text/html", "hash": "cd67696334db6ff2d61b775b3271fa88"}, {"path": "coverage/lcov-report/lib/project/workers-pool.models.ts.html", "contentEncoding": "identity", "contentType": "text/html", "hash": "b7f2f187aba2207197a0ebbe81548abb"}, {"path": "coverage/lcov-report/lib/project/index.ts.html", "contentEncoding": "identity", "contentType": "text/html", "hash": "27301d88ffb8067f580510f721a30f54"}, {"path": "coverage/lcov-report/lib/project/project-cell.ts.html", "contentEncoding": "identity", "contentType": "text/html", "hash": "e2bb7d52291a6c49631773bd5f30cb19"}, {"path": "coverage/lcov-report/lib/project/environment.ts.html", "contentEncoding": "identity", "contentType": "text/html", "hash": "e0eaf073c34e817869914e10a0abcfe2"}, {"path": "coverage/lcov-report/lib/project/index.html", "contentEncoding": "identity", "contentType": "text/html", "hash": "f0697ae4b679f361dffcdd5cd95ffcba"}, {"path": "coverage/lcov-report/lib/project/views.ts.html", "contentEncoding": "identity", "contentType": "text/html", "hash": "2d41fbd64391e62f8ee024d905fd66e9"}, {"path": "coverage/lcov-report/lib/project/inner-macros-pool.ts.html", "contentEncoding": "identity", "contentType": "text/html", "hash": "441b79670600ac5add1f56e13bc5fb3f"}, {"path": "coverage/lcov-report/lib/configurations/traits.ts.html", "contentEncoding": "identity", "contentType": "text/html", "hash": "184224368357241b3168fa764166d068"}, {"path": "coverage/lcov-report/lib/configurations/configuration.ts.html", "contentEncoding": "identity", "contentType": "text/html", "hash": "e151e8fe5dedbaa8352ee8cde2aa97ae"}, {"path": "coverage/lcov-report/lib/configurations/index.ts.html", "contentEncoding": "identity", "contentType": "text/html", "hash": "cc1632aa0041255601407724cd8f7200"}, {"path": "coverage/lcov-report/lib/configurations/index.html", "contentEncoding": "identity", "contentType": "text/html", "hash": "719b2afd12e6a4508f01f2225e9bb7bb"}, {"path": "coverage/lcov-report/lib/configurations/attributes.ts.html", "contentEncoding": "identity", "contentType": "text/html", "hash": "bfe933fe80043e8230998a8592db488e"}, {"path": "coverage/lcov-report/lib/common/utils.ts.html", "contentEncoding": "identity", "contentType": "text/html", "hash": "6ba223a0628e7de59852c7ea3ef56d42"}, {"path": "coverage/lcov-report/lib/common/types-domain.ts.html", "contentEncoding": "identity", "contentType": "text/html", "hash": "41f17942f649d13c373b333dc62af1fb"}, {"path": "coverage/lcov-report/lib/common/traits.ts.html", "contentEncoding": "identity", "contentType": "text/html", "hash": "0dfcff7235a249d83ba616523a848a83"}, {"path": "coverage/lcov-report/lib/common/journal.ts.html", "contentEncoding": "identity", "contentType": "text/html", "hash": "a3e343158c6816b11188586d657e062d"}, {"path": "coverage/lcov-report/lib/common/types.ts.html", "contentEncoding": "identity", "contentType": "text/html", "hash": "86b66b07886abb868c9912f6ccabef70"}, {"path": "coverage/lcov-report/lib/common/index.ts.html", "contentEncoding": "identity", "contentType": "text/html", "hash": "d7cf2cedfeefc9d0d9a572fa6671207a"}, {"path": "coverage/lcov-report/lib/common/index.html", "contentEncoding": "identity", "contentType": "text/html", "hash": "67f749e3764adac77faf30bcc998e8d7"}, {"path": "coverage/lcov-report/lib/modules/module.ts.html", "contentEncoding": "identity", "contentType": "text/html", "hash": "c2bcecdea85dfe75ef95927374ab2ac8"}, {"path": "coverage/lcov-report/lib/modules/traits.ts.html", "contentEncoding": "identity", "contentType": "text/html", "hash": "47f941a9096b0deae65c63ecdbe7ad52"}, {"path": "coverage/lcov-report/lib/modules/connection.ts.html", "contentEncoding": "identity", "contentType": "text/html", "hash": "05405be929a49a13d33c17e97639d867"}, {"path": "coverage/lcov-report/lib/modules/index.ts.html", "contentEncoding": "identity", "contentType": "text/html", "hash": "a5857b32ebbd9386c09fd362ac5c6bbf"}, {"path": "coverage/lcov-report/lib/modules/index.html", "contentEncoding": "identity", "contentType": "text/html", "hash": "36a226c73e2a489f3d7e5f6732dff769"}, {"path": "coverage/lcov-report/lib/modules/attributes.ts.html", "contentEncoding": "identity", "contentType": "text/html", "hash": "be2bb2540c87f8104fdff75a952c30d1"}, {"path": "coverage/lcov-report/lib/modules/connector.ts.html", "contentEncoding": "identity", "contentType": "text/html", "hash": "f08e8f5f86a0097f8242aaf5b11617c5"}, {"path": "coverage/lcov-report/lib/connections/connection.ts.html", "contentEncoding": "identity", "contentType": "text/html", "hash": "b0afd9261549e8f49c4222a102662b7b"}, {"path": "coverage/lcov-report/lib/connections/index.ts.html", "contentEncoding": "identity", "contentType": "text/html", "hash": "b7eae6d175475af37144e3ab22d061af"}, {"path": "coverage/lcov-report/lib/connections/index.html", "contentEncoding": "identity", "contentType": "text/html", "hash": "a638b850c34e244baa4cb75f78a74e0b"}, {"path": "coverage/lcov-report/lib/workflows/layer.ts.html", "contentEncoding": "identity", "contentType": "text/html", "hash": "73eb9215e521c260c3e4e133ab7ce39c"}, {"path": "coverage/lcov-report/lib/workflows/workflow.ts.html", "contentEncoding": "identity", "contentType": "text/html", "hash": "49dcc68cc7524ffd577a9b9e7c7dbe6e"}, {"path": "coverage/lcov-report/lib/workflows/index.ts.html", "contentEncoding": "identity", "contentType": "text/html", "hash": "214126a05f7c26f33ee48896f3f6ba76"}, {"path": "coverage/lcov-report/lib/workflows/index.html", "contentEncoding": "identity", "contentType": "text/html", "hash": "ea07b1228ca50e236c7c40bcc385dc10"}, {"path": "coverage/lcov-report/lib/deployers/utils.ts.html", "contentEncoding": "identity", "contentType": "text/html", "hash": "7b1396881e8267bd83e451b1bad2bf05"}, {"path": "coverage/lcov-report/lib/deployers/instance-pool-worker.ts.html", "contentEncoding": "identity", "contentType": "text/html", "hash": "693a47271255b440d6f44dd96a7f82d3"}, {"path": "coverage/lcov-report/lib/deployers/inner-observables-pool.ts.html", "contentEncoding": "identity", "contentType": "text/html", "hash": "b9a47d5bc5b46f899140520cd68bf7b4"}, {"path": "coverage/lcov-report/lib/deployers/instance-pool.ts.html", "contentEncoding": "identity", "contentType": "text/html", "hash": "b0a43010bba11796f92ea68361b3bbfa"}, {"path": "coverage/lcov-report/lib/deployers/models.ts.html", "contentEncoding": "identity", "contentType": "text/html", "hash": "46b6c96711b9617d607f9f35f75b4cee"}, {"path": "coverage/lcov-report/lib/deployers/in-worker.ts.html", "contentEncoding": "identity", "contentType": "text/html", "hash": "50e0d719180528c2a85b531d4504afdc"}, {"path": "coverage/lcov-report/lib/deployers/index.ts.html", "contentEncoding": "identity", "contentType": "text/html", "hash": "25518fadadb4c67db4f5135de1bc5ba0"}, {"path": "coverage/lcov-report/lib/deployers/index.html", "contentEncoding": "identity", "contentType": "text/html", "hash": "43168a165ba01629220e6531b9cd9ef1"}, {"path": "coverage/lcov-report/lib/project/workers/utils.ts.html", "contentEncoding": "identity", "contentType": "text/html", "hash": "0578bd5496960bc055dfc2b6bff1e24d"}, {"path": "coverage/lcov-report/lib/project/workers/macro-workers.ts.html", "contentEncoding": "identity", "contentType": "text/html", "hash": "f43cd4572a54b4ee8a503b96d5b3372f"}, {"path": "coverage/lcov-report/lib/project/workers/instance-pool-worker.ts.html", "contentEncoding": "identity", "contentType": "text/html", "hash": "d2257e293f632371f9c50865a3529f62"}, {"path": "coverage/lcov-report/lib/project/workers/models.ts.html", "contentEncoding": "identity", "contentType": "text/html", "hash": "dc8d5eb9174c627a0616075bdaee9cc3"}, {"path": "coverage/lcov-report/lib/project/workers/in-worker.ts.html", "contentEncoding": "identity", "contentType": "text/html", "hash": "4df8b7356e1eb8ace4dc1ef1f77709f7"}, {"path": "coverage/lcov-report/lib/project/workers/index.ts.html", "contentEncoding": "identity", "contentType": "text/html", "hash": "758b3e0bbe4f6597dd0f5887935abe6e"}, {"path": "coverage/lcov-report/lib/project/workers/index.html", "contentEncoding": "identity", "contentType": "text/html", "hash": "5e914723865cc0d11209b150351f234e"}, {"path": "coverage/lcov-report/lib/common/configurations/configuration.ts.html", "contentEncoding": "identity", "contentType": "text/html", "hash": "a07d0aa114664dfc2c55bbf98c0d8873"}, {"path": "coverage/lcov-report/lib/common/configurations/index.ts.html", "contentEncoding": "identity", "contentType": "text/html", "hash": "d06f4f30d49f2a80a272c4456a27b51a"}, {"path": "coverage/lcov-report/lib/common/configurations/index.html", "contentEncoding": "identity", "contentType": "text/html", "hash": "6aeb99087ed73a64f0184f6b7a81023b"}, {"path": "coverage/lcov-report/lib/common/configurations/attributes.ts.html", "contentEncoding": "identity", "contentType": "text/html", "hash": "904d5957b7f5acdc88f9657581223c29"}, {"path": "coverage/lcov-report/lib/modules/configurations/configuration.ts.html", "contentEncoding": "identity", "contentType": "text/html", "hash": "5487c130e038e45cf6a30829a221c88a"}, {"path": "coverage/lcov-report/lib/modules/configurations/index.ts.html", "contentEncoding": "identity", "contentType": "text/html", "hash": "f031cf203ba67f5eb20c99217a248441"}, {"path": "coverage/lcov-report/lib/modules/configurations/index.html", "contentEncoding": "identity", "contentType": "text/html", "hash": "c9697e9038b8a4416839b119ab80772a"}, {"path": "coverage/lcov-report/lib/modules/configurations/attributes.ts.html", "contentEncoding": "identity", "contentType": "text/html", "hash": "775253b6dcb29fd849915e29f82be68d"}, {"path": "coverage/lcov-report/lib/modules/IOs/slot.ts.html", "contentEncoding": "identity", "contentType": "text/html", "hash": "858df9fd67aa9f3f60a448c9d456c223"}, {"path": "coverage/lcov-report/lib/modules/IOs/contract.ts.html", "contentEncoding": "identity", "contentType": "text/html", "hash": "b789dec207768001beafa2472b468d78"}, {"path": "coverage/lcov-report/lib/modules/IOs/index.ts.html", "contentEncoding": "identity", "contentType": "text/html", "hash": "d77694a4731f213543dab6151472c0d9"}, {"path": "coverage/lcov-report/lib/modules/IOs/index.html", "contentEncoding": "identity", "contentType": "text/html", "hash": "7b11763bcc15436551d8e8f33319e470"}]}